sol,temp_range,environmental_stress_index,temp_min,temp_max,temp_avg,mars_season,mission_phase,solar_longitude_deg,dust_season_risk,orbital_thermal_factor,wind_speed_avg,wind_speed_max
1,84.447586,0.018849999,180.14088,264.8105,214.61949,Winter_North,Checkout,296.23,0.06283333,0.8458826,6.702726,11.669703
2,84.447586,0.01575,180.14088,264.8105,214.61949,Winter_North,Checkout,296.85,0.0525,0.84195536,6.702726,11.669703
3,84.447586,0.01265,180.14088,264.8105,214.61949,Winter_North,Checkout,297.47,0.042166665,0.8379881,6.702726,11.669703
4,84.447586,0.00955,180.14088,264.8105,214.61949,Winter_North,Checkout,298.09,0.031833332,0.8339812,6.702726,11.669703
5,84.447586,0.00645,180.14088,264.8105,214.61949,Winter_North,Checkout,298.71,0.0215,0.82993525,6.702726,11.669703
6,84.447586,0.0034,180.14088,264.8105,214.61949,Winter_North,Checkout,299.32,0.011333333,0.8259169,6.702726,11.669703
7,84.447586,0.0003,180.14088,264.8105,214.61949,Winter_North,Checkout,299.94,0.001,0.82179475,6.702726,11.669703
8,85.52489,0.13475741,180.2088,266.69995,215.58427,Winter_North,Checkout,300.55,0.0,0.8177023,5.628128,9.597756
9,85.52489,0.17397109,180.2088,266.69995,215.58427,Winter_North,Checkout,301.17,0.0,0.8135059,5.628128,9.597756
10,85.52489,0.19057576,180.2088,266.69995,215.58427,Winter_North,Checkout,301.78,0.0,0.8093413,5.628128,9.597756
11,85.52489,0.19057576,180.2088,266.69995,215.58427,Winter_North,Checkout,302.39,0.0,0.80514175,5.628128,9.597756
12,85.52489,0.17397109,180.2088,266.69995,215.58427,Winter_North,Checkout,303.0,0.0,0.8009075,5.628128,9.597756
13,25.586935,0.67686075,236.32953,261.91647,250.90837,Winter_North,Checkout,304.192,0.0,0.7925355,9.623235,11.183309
14,88.05765,0.6772764,178.73375,266.7914,214.34854,Winter_North,Checkout,304.381,0.0,0.7911963,6.3330755,10.75176
15,87.31283,0.6786898,179.23839,266.5512,214.54288,Winter_North,Checkout,304.87488,0.0,0.78768194,5.6273108,10.395
16,86.08805,0.6797867,179.9405,266.02856,214.73549,Winter_North,Checkout,305.4782,0.0,0.7833599,6.5315547,9.659002
17,85.39991,0.6799712,180.1168,265.51672,215.42831,Winter_North,Checkout,306.0846,0.0,0.77898407,6.0641975,8.49018
18,84.96586,0.68217564,180.20265,265.1685,213.93243,Winter_North,Checkout,306.69366,0.0,0.7745576,7.637728,12.035237
19,86.73888,0.68349385,180.04732,266.7862,214.49202,Winter_North,Checkout,307.2944,0.0,0.7701613,6.2753477,11.103813
20,85.243225,0.21839376,180.04669,265.28992,215.04819,Winter_North,Checkout,307.89536,0.0,0.76573354,7.074374,10.866249
21,86.15184,0.21991733,180.08534,266.23718,215.0982,Winter_North,Checkout,308.5002,0.0,0.7612478,6.8225455,12.377578
22,86.91043,0.19753774,179.94316,266.8536,210.95863,Winter_North,Checkout,309.17545,0.0,0.7562054,6.964502,8.576125
23,82.681564,0.29573408,179.50877,262.19034,214.18884,Winter_North,Checkout,309.6996,0.0,0.752267,8.567627,11.724083
24,87.78885,0.3404587,179.65611,267.44495,215.72774,Winter_North,Checkout,310.3014,0.0,0.74771875,5.453375,10.817422
25,87.82999,0.33021572,179.59352,267.42352,215.499,Winter_North,Checkout,310.8998,0.0,0.7431692,6.535376,12.021659
26,87.89746,0.32450184,178.78049,266.67795,214.45753,Winter_North,Checkout,311.50143,0.0,0.7385685,6.5099525,11.08474
27,85.93159,0.33319142,179.95515,265.88675,215.7413,Winter_North,Checkout,312.0946,0.0,0.7340065,6.192377,10.792944
28,84.303734,0.38008976,179.73155,264.03528,214.21684,Winter_North,Checkout,312.69,0.0,0.7294023,8.18208,13.808169
29,81.8508,0.39344648,183.01767,264.86847,212.3884,Winter_North,Checkout,313.14258,0.0,0.72588587,5.821263,7.833461
30,85.52489,0.31265348,180.2088,266.69995,215.58427,Winter_North,Checkout,313.84,0.0,0.7204397,5.628128,9.597756
31,68.89784,0.5061672,197.82312,266.72098,238.57866,Winter_North,Checkout,314.914,0.0,0.71198905,4.9358444,8.655389
32,87.05109,0.50971997,180.06721,267.1183,215.61917,Winter_North,Checkout,315.1456,0.0,0.7101569,6.7332745,12.545889
33,84.79587,0.5671036,179.94882,264.7447,214.4722,Winter_North,Checkout,315.654,0.0,0.706123,7.9627237,12.0548
34,84.976074,0.5797113,180.48404,265.4601,216.19034,Winter_North,Checkout,316.2416,0.0,0.70144033,5.6289454,8.564845
35,85.0959,0.49242932,180.23857,265.33447,216.23824,Winter_North,Checkout,316.8328,0.0,0.69670784,5.9644575,9.906378
36,85.690414,0.51815385,181.31644,267.00684,214.49069,Winter_North,Checkout,317.4058,0.0,0.69210106,4.926637,8.885822
37,84.90208,0.55765027,180.69492,265.597,215.1033,Winter_North,Checkout,318.00522,0.0,0.687261,7.486191,12.122878
38,83.24732,0.34732413,181.45816,264.70547,215.39592,Winter_North,Checkout,318.5936,0.0,0.6824904,6.7612815,10.051477
39,84.15336,0.3553676,180.77959,264.93295,216.50833,Winter_North,Checkout,319.1784,0.0,0.67772967,5.869939,9.734423
40,88.6057,0.275833,180.97943,269.58514,216.29044,Winter_North,Checkout,319.76593,0.0,0.67292804,5.7445025,9.536511
41,88.61529,0.32012978,181.28517,269.90045,217.85532,Winter_North,Checkout,320.3452,0.0,0.66817623,4.8122964,7.7422776
42,86.82642,0.3450758,182.63957,269.466,218.38681,Winter_North,Checkout,320.9272,0.0,0.6633846,5.0435348,9.428689
43,87.1674,0.37415144,183.82004,270.98743,218.10744,Winter_North,Checkout,321.5115,0.0,0.65855706,4.361354,7.126924
44,84.51225,0.29117352,183.69893,268.21118,218.79651,Winter_North,Checkout,322.0874,0.0,0.65378296,4.62639,8.260944
45,84.81053,0.1946335,183.49149,268.30203,218.33905,Winter_North,Checkout,322.66406,0.0,0.6489869,5.1368675,10.74665
46,83.70685,0.15801191,184.09229,267.79913,218.86888,Winter_North,Checkout,323.2442,0.0,0.6441466,4.7028112,8.229598
47,84.92101,0.0988593,183.64154,268.56256,219.1204,Winter_North,Checkout,323.8212,0.0,0.63931787,4.4604588,8.572037
48,82.776726,0.10182568,184.73952,267.51624,218.648,Winter_North,Checkout,324.39468,0.0,0.6345047,4.449762,7.2350893
49,77.99389,0.11826435,186.35333,264.34723,217.92303,Winter_North,Checkout,324.972,0.0,0.6296455,5.2483015,8.940422
50,78.826225,0.11283721,185.86435,264.69055,217.42986,Winter_North,Checkout,325.5458,0.0,0.624803,4.963244,9.107079
51,79.404434,0.14752868,186.21727,265.6217,217.88867,Winter_North,Checkout,326.12228,0.0,0.6199253,4.0395317,6.7663
52,80.92974,0.15804447,185.92311,266.85284,218.31828,Winter_North,Checkout,326.6906,0.0,0.6151047,3.9706182,7.7255445
53,80.33013,0.17224413,185.66338,265.9935,218.33842,Winter_North,Checkout,327.2616,0.0,0.61025,3.917289,7.844911
54,80.23681,0.17215088,185.34026,265.57706,217.63582,Winter_North,Checkout,327.83484,0.0,0.60536516,4.19107,7.4532332
55,79.140076,0.17009938,185.37817,264.51825,217.95483,Winter_North,Checkout,328.4004,0.0,0.6005355,4.4470415,7.9413557
56,79.1825,0.12112322,185.08153,264.26404,217.42085,Winter_North,Checkout,328.9659,0.0,0.5956965,4.263729,7.460422
57,79.03101,0.12571745,185.16937,264.20038,217.456,Winter_North,Checkout,329.5346,0.0,0.59082085,5.008874,8.170033
58,78.892265,0.18950215,184.78685,263.6791,217.23476,Winter_North,Checkout,330.1006,0.0,0.5859594,5.4811482,9.165155
59,79.84339,0.1888621,184.36952,264.21292,217.13696,Winter_North,Checkout,330.66312,0.0,0.5811195,5.127882,8.4531555
60,79.09799,0.15637957,185.00977,264.10776,217.68979,Winter_North,Checkout,331.2294,0.0,0.57623935,4.709015,7.371889
61,81.08096,0.1423321,184.85205,265.933,217.94269,Winter_North,Checkout,331.7922,0.0,0.57138187,4.5004163,7.242478
62,81.44945,0.13734493,184.36438,265.8138,217.71179,Winter_North,Checkout,332.357,0.0,0.5665001,4.562197,7.1311445
63,83.03793,0.12840877,184.46979,267.50772,217.91075,Winter_North,Checkout,332.9146,0.0,0.5616743,4.419489,6.672978
64,82.51611,0.14093125,184.19864,266.71475,217.89331,Winter_North,Checkout,333.4744,0.0,0.55682355,4.2831283,6.5724444
65,82.64269,0.10102887,184.42403,267.0667,216.22034,Winter_North,Checkout,334.01743,0.0,0.552113,4.8143926,6.9585
66,82.42781,0.06819737,184.1804,266.60822,217.78406,Winter_North,Checkout,334.5912,0.0,0.5471306,4.6029243,6.664011
67,83.23254,0.08427211,183.8269,267.05945,216.7392,Winter_North,Checkout,335.14536,0.0,0.5423141,4.932827,6.9333
68,81.43686,0.1382788,183.74797,265.1848,216.92345,Winter_North,Checkout,335.7036,0.0,0.53745806,5.475789,8.309478
69,82.43763,0.14338866,183.41644,265.85406,217.32,Winter_North,Checkout,336.2584,0.0,0.5326284,4.3829336,6.5368915
70,83.217255,0.15426105,183.92642,267.14368,217.22142,Winter_North,Checkout,336.81015,0.0,0.5278222,4.160484,5.937911
71,85.53482,0.1645528,184.16782,269.70264,218.46323,Winter_North,Checkout,337.3652,0.0,0.52298486,4.1353374,6.2826777
72,84.30682,0.1660045,183.33397,267.64078,217.59029,Winter_North,Checkout,337.9172,0.0,0.51817185,4.242908,6.7686334
73,82.71026,0.17445223,183.08333,265.79358,216.10287,Winter_North,Checkout,338.4658,0.0,0.513387,4.8988376,7.6509776
74,82.01251,0.19100587,183.19377,265.2063,216.83754,Winter_North,Checkout,339.018,0.0,0.5085691,5.2892923,7.071778
75,84.0353,0.16408925,183.20744,267.24274,215.61253,Winter_North,Checkout,339.54773,0.0,0.50394666,4.074256,6.7620225
76,81.82241,0.17265669,183.28543,265.10785,216.56987,Winter_North,Checkout,340.11813,0.0,0.4989692,4.0337396,6.270178
77,83.60978,0.17068084,182.4108,266.02057,216.63062,Winter_North,Checkout,340.6616,0.0,0.49422657,4.648242,7.0421066
78,82.85234,0.15705447,181.66336,264.51572,216.0508,Winter_North,Checkout,341.2076,0.0,0.4894625,4.575216,6.7207046
79,83.22208,0.14749235,181.59656,264.81863,215.86208,Winter_North,Checkout,341.7557,0.0,0.48468104,4.5109954,6.975299
80,81.52793,0.16218174,182.2947,263.82263,215.76225,Winter_North,Checkout,342.2964,0.0,0.4799655,5.179022,8.455711
81,82.50165,0.128639,182.31851,264.82016,215.91447,Winter_North,Checkout,342.83762,0.0,0.47524732,4.522854,6.6446385
82,84.36548,0.12315943,181.88495,266.25043,216.49815,Winter_North,Checkout,343.3822,0.0,0.47050187,4.165272,7.3401446
83,85.11283,0.12606204,181.88818,267.001,216.81363,Winter_North,Checkout,343.923,0.0,0.46579212,4.0070744,7.479077
84,85.23274,0.12635121,181.5413,266.77405,215.98285,Winter_North,Checkout,344.46082,0.0,0.46111134,4.290064,6.8138776
85,83.87118,0.1277945,181.80647,265.67764,216.62288,Winter_North,Checkout,345.0024,0.0,0.45640126,4.281022,6.1857014
86,83.787964,0.13274248,182.7864,266.57437,216.77963,Winter_North,Checkout,345.5408,0.0,0.45172274,4.1069055,7.4638443
87,82.67566,0.10051823,181.81885,264.4945,215.58652,Winter_North,Checkout,346.08145,0.0,0.4470289,4.8591967,9.006033
88,83.80052,0.10136518,181.84003,265.64053,216.03096,Winter_North,Checkout,346.6146,0.0,0.44240487,4.5522404,6.6033444
89,83.77691,0.101361156,182.81694,266.59384,216.91396,Winter_North,Checkout,347.15,0.0,0.4377663,4.205246,7.576678
90,84.9497,0.09672438,181.90208,266.85178,216.14027,Winter_North,Checkout,347.68762,0.0,0.43311384,4.082247,7.9516454
91,83.451355,0.10309541,182.39865,265.85,216.97124,Winter_North,Checkout,348.2178,0.0,0.4285318,4.073951,7.1020117
92,31.985512,0.4514495,233.74123,265.72675,254.7837,Winter_North,Checkout,348.431,0.0,0.42669088,3.2936814,4.767667
93,84.077194,0.54092413,181.16322,265.24042,226.71654,Winter_North,Checkout,349.638,0.0,0.41628867,5.785448,9.012988
94,82.76133,0.5319895,181.83514,264.59647,216.2764,Winter_North,Checkout,349.8708,0.0,0.4142865,4.4516745,6.827618
95,82.449036,0.5542445,181.15819,263.6072,215.04265,Winter_North,Checkout,350.34125,0.0,0.41024464,5.194172,8.845511
96,83.56421,0.56272393,181.73637,265.30057,215.74762,Winter_North,Checkout,350.8724,0.0,0.4056888,5.046479,7.354816
97,83.25687,0.5551553,182.40077,265.65765,216.23349,Winter_North,Checkout,351.4002,0.0,0.40116963,4.449444,7.6936445
98,84.25694,0.5498222,181.29617,265.5531,215.69197,Winter_North,Checkout,351.92828,0.0,0.39665648,4.2562275,7.1967
99,84.85457,0.2717036,181.2987,266.15326,216.19023,Winter_North,Checkout,352.4536,0.0,0.39217556,4.158917,6.834924
100,85.89195,0.13604175,180.68825,266.5802,216.14957,Winter_North,Checkout,352.979,0.0,0.38770303,4.2994757,7.7198987
101,84.52495,0.13977107,180.42433,264.94928,215.67706,Winter_North,Primary,353.50656,0.0,0.3832215,4.264046,6.9260554
102,83.06942,0.12808567,181.19633,264.26575,215.50255,Winter_North,Primary,354.0274,0.0,0.37880707,5.080447,7.5910335
103,82.694115,0.10483262,180.9188,263.6129,215.4251,Winter_North,Primary,354.5481,0.0,0.37440374,4.542661,7.351625
104,84.566574,0.1390256,181.39296,265.95953,216.63849,Winter_North,Primary,355.0716,0.0,0.36998704,3.7105968,5.449759
105,83.98079,0.14672673,180.87526,264.85605,216.27235,Winter_North,Primary,355.5926,0.0,0.36560228,3.9546676,6.215911
106,82.42145,0.14648691,181.17256,263.59402,215.40892,Winter_North,Primary,356.1109,0.0,0.3612513,4.246744,6.350633
107,83.276344,0.15336263,181.05801,264.33435,216.15074,Winter_North,Primary,356.6318,0.0,0.3568899,3.929461,7.035897
108,28.040257,0.47441947,237.8598,265.90005,256.05328,Winter_North,Primary,356.839,0.0,0.35515833,3.4045894,4.5065536
110,83.2447,0.4267505,182.09839,265.8037,216.38728,Winter_North,Primary,358.15,0.0,0.3442471,4.4344664,7.0868945
111,53.72456,0.44280177,212.29517,266.0197,242.57834,Winter_North,Primary,359.1,0.0,0.33639106,4.7614574,9.258445
112,84.770775,0.45412648,180.6708,265.4416,215.93575,Winter_North,Primary,359.29456,0.0,0.33478773,4.7614574,9.258445
113,84.90514,0.46141702,180.56099,265.46613,216.127,Winter_North,Primary,359.7288,0.0,0.33121577,4.7614574,9.258445
114,83.4577,0.46850106,181.04303,264.50073,216.35725,Summer_North,Primary,144.2418,0.0,0.3642109,4.7614574,9.258445
115,83.65948,0.4588559,181.05531,264.71478,215.69711,Spring_North,Primary,0.75730306,0.0,0.32279488,4.7614574,9.258445
116,83.12849,0.26284784,180.66779,263.79626,216.11275,Spring_North,Primary,1.2656,0.0,0.31865412,5.0564213,6.4856324
117,81.7891,0.2890725,180.8969,262.68597,215.6687,Spring_North,Primary,1.7745353,0.0,0.31452242,4.185957,7.6932445
118,84.72241,0.113544695,179.92104,264.64343,215.84998,Spring_North,Primary,2.2864,0.0,0.31038174,4.1102757,6.4082594
119,84.26629,0.2181505,180.46722,264.73352,209.94307,Spring_North,Primary,2.690515,0.0,0.30712333,3.4797106,5.5280676
121,81.99962,0.2151852,179.42984,261.20413,214.72742,Spring_North,Primary,3.78,0.0,0.29838705,4.09965,6.759033
122,82.28531,0.3317001,179.65742,261.94272,228.59291,Spring_North,Primary,4.666,0.0,0.29133606,5.4963584,6.5373573
123,83.09834,0.33199593,179.48657,262.5849,214.6072,Spring_North,Primary,4.884182,0.0,0.28960732,4.076539,6.143059
124,82.4222,0.31220087,180.1202,262.5424,215.4391,Spring_North,Primary,5.329,0.0,0.2860923,3.9565291,6.352732
125,83.410065,0.3159426,180.17644,263.5865,215.61185,Spring_North,Primary,5.8334,0.0,0.28212208,3.8808005,6.4951463
126,82.5434,0.31660154,180.52943,263.07285,214.68694,Spring_North,Primary,6.3398485,0.0,0.2781527,4.198685,6.0594606
127,84.10615,0.2785374,179.71033,263.81647,215.45827,Spring_North,Primary,6.8392,0.0,0.27425593,4.225881,6.9716067
128,84.59661,0.28402656,180.00853,264.60513,215.3901,Spring_North,Primary,7.339172,0.0,0.27037153,3.855371,6.1849046
129,84.55415,0.05523744,179.48665,264.0408,215.47429,Spring_North,Primary,7.8426,0.0,0.26647788,4.1204343,6.238409
130,84.778725,0.052910015,179.513,264.29172,215.38666,Spring_North,Primary,8.343,0.0,0.26262558,4.0671782,6.4318275
131,82.87525,0.055009414,179.54817,262.42343,214.61342,Spring_North,Primary,8.840384,0.0,0.2588144,4.1587358,6.7752223
132,83.60854,0.04709977,180.40619,264.01474,215.66643,Spring_North,Primary,9.3414,0.0,0.25499377,4.0764647,6.1718
133,84.12639,0.04936215,179.51338,263.63977,215.94012,Spring_North,Primary,9.8398,0.0,0.25121167,3.9199705,5.8994327
134,82.901855,0.043717224,180.71127,263.61313,215.53004,Spring_North,Primary,10.338214,0.0,0.24744831,4.112028,6.5591
135,83.98932,0.038198706,179.96515,263.95447,215.54187,Spring_North,Primary,10.8336,0.0,0.24372675,4.226888,6.82
136,82.8753,0.044127557,180.21855,263.09384,215.20355,Spring_North,Primary,11.3296,0.0,0.24001977,4.258899,6.77625
137,82.92988,0.043629266,179.86082,262.7907,215.21458,Spring_North,Primary,11.828,0.0,0.23631446,4.139951,7.027581
138,82.78449,0.040393844,180.13513,262.91962,215.60605,Spring_North,Primary,12.3194,0.0,0.23268074,4.0721188,6.759033
139,82.6357,0.041693922,179.25342,261.8891,215.02963,Spring_North,Primary,12.810808,0.0,0.22906663,4.1791754,7.404423
140,82.55805,0.024871547,179.42984,261.98788,215.21648,Spring_North,Primary,13.3058,0.0,0.22544628,4.14584,6.889344
141,81.846054,0.027508488,180.0242,261.87027,215.15813,Spring_North,Primary,13.7982,0.0,0.22186525,4.059777,6.9353223
142,82.24696,0.026614327,179.83116,262.07812,214.72742,Spring_North,Primary,14.287616,0.0,0.21832626,4.111925,6.3152
143,83.34009,0.0239649,179.20497,262.54504,215.11731,Spring_North,Primary,14.7806,0.0,0.21478225,4.0072155,5.884352
144,81.99962,0.024959821,179.3679,261.36752,214.90047,Spring_North,Primary,15.271,0.0,0.21127777,4.1578617,7.0409327
145,81.995834,0.025687922,179.09969,261.09552,214.33115,Spring_North,Primary,15.758424,0.0,0.20781551,4.0718837,6.2866354
146,81.19512,0.024909902,179.17993,260.37506,214.97597,Spring_North,Primary,16.2494,0.0,0.2043494,4.017865,7.1611233
147,81.64535,0.023285458,178.71922,260.36456,214.69707,Spring_North,Primary,16.7378,0.0,0.20092301,4.121991,7.8996916
148,81.78913,0.023248011,178.95735,260.7465,214.42006,Spring_North,Primary,17.228151,0.0,0.1975048,4.09965,7.361689
149,81.90088,0.023802053,179.03958,260.94046,214.79897,Spring_North,Primary,17.7122,0.0,0.19415225,4.0303674,6.385081
150,80.64095,0.021364557,180.22943,260.8704,214.78366,Spring_North,Primary,18.1986,0.0,0.1908054,4.0361447,6.6455555
151,81.443924,0.026206547,179.35985,260.80377,214.23802,Spring_North,Primary,18.68694,0.0,0.18746763,4.2036495,6.7167416
152,81.380035,0.025602596,179.07397,260.454,214.60345,Spring_North,Primary,19.169,0.0,0.18419504,4.0923867,6.5237284
153,81.40812,0.028437402,179.796,261.20413,214.37029,Spring_North,Primary,19.651445,0.0,0.18094222,3.9658458,6.414533
154,82.13695,0.0278069,178.51141,260.64835,214.387,Spring_North,Primary,20.1368,0.0,0.1776926,4.0943494,6.6422887
155,82.07892,0.028065149,178.87709,260.95602,214.60815,Spring_North,Primary,20.6198,0.0,0.17448172,4.027385,6.6842694
156,81.44168,0.03276229,178.2409,259.6826,214.13423,Spring_North,Primary,21.100252,0.0,0.17131072,3.9363885,7.637478
157,81.92102,0.03215257,178.6789,260.5999,214.55148,Spring_North,Primary,21.5842,0.0,0.16814001,4.0925183,7.2691
158,81.164085,0.02401602,178.31967,259.48376,214.36125,Spring_North,Primary,22.0656,0.0,0.16500948,4.069087,7.1617665
159,80.48261,0.0290669,178.831,259.3136,213.67268,Spring_North,Primary,22.548908,0.0,0.16189034,4.131553,7.1343975
160,80.01033,0.031478386,179.58815,259.59848,214.32596,Spring_North,Primary,23.026,0.0,0.15883492,4.18841,7.0059223
161,81.09351,0.032408588,177.97984,259.07336,214.714,Spring_North,Primary,23.5054,0.0,0.15578853,4.0444503,6.7111335
162,80.93344,0.034375235,178.43532,259.36874,213.39046,Spring_North,Primary,23.987303,0.0,0.15275052,4.0569134,6.9947224
163,81.66967,0.031765927,178.237,259.90668,214.14479,Spring_North,Primary,24.4628,0.0,0.14977698,3.9660208,6.0781446
164,82.48339,0.03319885,177.74852,260.2319,213.47098,Spring_North,Primary,24.938272,0.0,0.14682771,4.0215707,6.587466
165,80.71728,0.033186235,177.9181,258.63538,213.77786,Spring_North,Primary,25.4172,0.0,0.1438816,4.1040387,7.026489
166,80.88075,0.032440513,178.1049,258.98566,214.16066,Spring_North,Primary,25.8936,0.0,0.14097571,4.01147,7.0111685
167,70.383446,0.1522481,188.41766,258.80112,219.55402,Spring_North,Primary,26.084,0.0,0.13982128,3.1331718,5.819277
169,80.4806,0.21554093,177.65218,258.13278,210.15552,Spring_North,Primary,27.51,0.0,0.13130239,4.8759685,7.5642776
170,79.95673,0.21693696,178.06215,258.0189,213.4616,Spring_North,Primary,27.792484,0.0,0.12964176,4.2043357,8.2659445
171,80.20489,0.32594845,178.08575,258.29065,222.08029,Spring_North,Primary,28.38947,0.0,0.12616198,5.589822,7.9360776
172,81.536224,0.3230056,177.25453,258.79074,213.84164,Spring_North,Primary,28.7592,0.0,0.12402716,4.247015,7.5349336
173,80.99835,0.3228681,177.29004,258.2884,213.40108,Spring_North,Primary,29.216667,0.0,0.12140745,4.157437,7.9476223
174,80.74576,0.3196119,177.67195,258.4177,213.8092,Spring_North,Primary,29.6856,0.0,0.11874712,4.296665,7.741789
175,80.404755,0.24505928,177.7905,258.19525,213.95929,Spring_North,Primary,30.1572,0.0,0.11609743,4.147185,7.334517
176,79.91153,0.23150295,177.59889,257.51044,213.31613,Spring_North,Primary,30.631454,0.0,0.11345904,4.150713,7.8095393
177,79.89231,0.23042661,177.72632,257.61862,213.72302,Spring_North,Primary,31.099,0.0,0.11088391,4.2453823,8.347256
178,80.01356,0.02421463,177.37569,257.38925,213.22777,Spring_North,Primary,31.5671,0.0,0.108331665,4.2039785,7.686911
179,80.33736,0.024279125,177.27827,257.61563,213.57303,Spring_North,Primary,32.039,0.0,0.10578518,4.25818,8.358367
180,79.3641,0.028728584,177.8549,257.21902,213.52887,Spring_North,Primary,32.5078,0.0,0.10328189,4.349139,7.764878
181,79.14823,0.032925777,178.56772,257.71594,213.01665,Spring_North,Primary,32.974506,0.0,0.10081618,4.3516774,8.667088
182,80.0343,0.027710991,177.88013,257.91443,213.50755,Spring_North,Primary,33.4448,0.0,0.09835829,4.2535434,8.279565
183,80.02959,0.022252848,177.73578,257.76535,213.43755,Spring_North,Primary,33.9122,0.0,0.09594234,4.3002067,8.28115
184,79.129585,0.03745706,178.2149,257.3445,212.63397,Spring_North,Primary,34.38203,0.0,0.09354092,4.5000496,8.297018
185,80.98353,0.033199426,177.24142,258.22495,213.21007,Spring_North,Primary,34.8462,0.0,0.091195285,4.3462644,8.891885
186,81.008675,0.031366438,176.84094,257.8496,212.95186,Spring_North,Primary,35.3126,0.0,0.08886539,4.2988896,8.397289
187,80.74137,0.038274787,176.49603,257.2374,212.24411,Spring_North,Primary,35.781425,0.0,0.086550854,4.2092648,8.2073
188,81.06211,0.04322557,176.84943,257.91153,212.61452,Spring_North,Primary,36.244,0.0,0.08429429,4.4633946,8.771011
189,80.89625,0.043188654,175.85725,256.75348,212.15283,Spring_North,Primary,36.707123,0.0,0.08206221,4.447749,8.651263
190,79.62632,0.04248953,176.27586,255.90219,212.43736,Spring_North,Primary,37.1734,0.0,0.07984249,4.2646985,8.758718
191,81.38815,0.03978342,175.96053,257.34866,212.21085,Spring_North,Primary,37.6374,0.0,0.077661246,4.235129,8.333289
192,80.6706,0.04463019,176.30565,256.97626,211.84758,Spring_North,Primary,38.099525,0.0,0.07551634,4.148677,8.335902
193,78.77946,0.04223436,176.76672,255.54617,212.17876,Spring_North,Primary,38.5648,0.0,0.073384725,4.288092,8.871438
194,80.36114,0.04148331,175.13002,255.49115,212.03262,Spring_North,Primary,39.0278,0.0,0.071291454,4.241289,8.958076
195,81.30976,0.036102943,175.41823,256.728,211.60974,Spring_North,Primary,39.493,0.0,0.06921643,4.1724076,8.381247
196,79.581055,0.030560419,176.68468,256.26575,212.11592,Spring_North,Primary,39.9522,0.0,0.06719602,4.058448,7.869439
197,80.4278,0.04769706,176.25616,256.68396,212.01521,Spring_North,Primary,40.4136,0.0,0.06519393,3.8827431,7.581509
198,80.9695,0.050569296,175.01653,255.98602,211.35098,Spring_North,Primary,40.877396,0.0,0.06320986,4.001219,8.108813
199,79.44515,0.051302712,176.74344,256.18857,211.91885,Spring_North,Primary,41.3356,0.0,0.061277814,4.0274215,8.557513
200,79.14885,0.04421674,177.0159,256.16473,211.60222,Spring_North,Primary,41.79474,0.0,0.059369978,3.964888,8.2951
201,78.18243,0.039074242,177.60017,255.78261,212.15222,Spring_North,Primary,42.257,0.0,0.057477742,4.165783,8.726302
202,78.17765,0.039117247,176.47731,254.65497,211.94106,Spring_North,Primary,42.7164,0.0,0.055625763,4.1771317,8.525682
203,78.82946,0.039331276,176.16805,254.9975,211.70963,Spring_North,Primary,43.17414,0.0,0.05380888,3.9802594,8.390438
204,78.88227,0.037884295,176.53563,255.4179,212.03758,Spring_North,Primary,43.6348,0.0,0.052009173,4.200574,9.746924
205,77.90183,0.034834784,176.89307,254.7949,212.13145,Spring_North,Primary,44.0934,0.0,0.050246272,4.081653,8.228892
206,77.59206,0.03583733,177.125,254.71706,211.59892,Spring_North,Primary,44.54995,0.0,0.048519872,4.0186605,8.39435
207,77.72508,0.03573995,177.0789,254.80399,212.28256,Spring_North,Primary,45.0098,0.0,0.04680997,4.239759,8.771071
208,78.3346,0.036632456,177.34567,255.68027,212.51414,Spring_North,Primary,45.4678,0.0,0.045135964,4.1096325,8.409949
209,77.0282,0.03536739,177.87727,254.90547,212.00246,Spring_North,Primary,45.92797,0.0,0.0434833,4.09808,8.505922
210,77.42369,0.030070899,178.05006,255.47375,212.43022,Spring_North,Primary,46.3822,0.0,0.041880846,4.165126,8.300831
211,77.66458,0.039148543,177.72166,255.38625,212.68384,Spring_North,Primary,46.8392,0.0,0.040297676,3.9237728,8.239034
212,78.47078,0.04560705,177.77818,256.24896,212.2206,Spring_North,Primary,47.298363,0.0,0.038736466,3.9120314,7.878678
213,77.33267,0.042189885,177.37752,254.71019,212.26509,Spring_North,Primary,47.7516,0.0,0.03722446,4.0626855,7.644598
214,77.35861,0.039537527,177.41736,254.77596,211.95367,Spring_North,Primary,48.205757,0.0,0.03573843,3.9055154,8.453874
215,77.66945,0.037669953,176.93932,254.60876,212.11215,Spring_North,Primary,48.6636,0.0,0.034269866,3.9665215,8.295267
216,53.774208,0.24883847,200.92836,254.70258,239.73201,Spring_North,Primary,49.026962,0.0,0.033125516,3.8390877,7.011107
217,75.782616,0.24811621,178.2809,254.0635,211.43704,Spring_North,Primary,49.670345,0.0,0.031145383,4.1421223,8.896265
218,75.88388,0.2738607,178.28299,254.16687,211.76385,Spring_North,Primary,50.0284,0.0,0.030068982,4.37101,8.526188
219,75.65053,0.27162033,178.03899,253.68951,212.1685,Spring_North,Primary,50.483,0.0,0.028728796,4.0425243,8.019075
220,75.92721,0.27229235,179.28532,255.21252,211.82469,Spring_North,Primary,50.94015,0.0,0.027411006,4.0089407,8.060425
221,76.38629,0.26887262,178.94551,255.3318,212.22354,Spring_North,Primary,51.3914,0.0,0.026139738,4.032211,8.168187
222,77.20512,0.26864988,178.07686,255.28197,212.07854,Spring_North,Primary,51.8448,0.0,0.024892012,3.9761617,8.596258
223,75.62102,0.04936938,177.97258,253.5936,211.28575,Spring_North,Primary,52.30115,0.0,0.023666205,4.066553,7.8695536
224,75.65137,0.053715162,178.2054,253.85675,210.6408,Spring_North,Primary,52.7518,0.0,0.02248537,4.0209947,7.991749
225,75.9081,0.03507953,178.27997,254.18806,210.30693,Spring_North,Primary,53.20297,0.0,0.021332761,3.8818471,7.48516
226,77.366295,0.03964189,176.78748,254.15378,210.55313,Spring_North,Primary,53.6572,0.0,0.020202316,3.8743992,8.414021
227,77.00321,0.039882906,177.70941,254.71262,210.54501,Spring_North,Primary,54.1098,0.0,0.019105922,4.0199957,8.665305
228,76.580315,0.04723736,177.4367,254.01703,209.9586,Spring_North,Primary,54.560375,0.0,0.018044244,3.773583,7.4513197
229,76.5092,0.04201843,177.39009,253.89929,210.65572,Spring_North,Primary,55.0142,0.0,0.01700503,3.8616414,9.186146
230,76.961975,0.039469585,176.9018,253.86377,210.32278,Spring_North,Primary,55.4662,0.0,0.016000116,4.075338,8.373015
231,3.9341955,0.637521,249.25854,253.19273,251.62238,Spring_North,Primary,55.647,0.0,0.015606581,6.752364,7.5542884
232,63.84396,0.70000005,186.6489,250.49286,208.70915,Spring_North,Primary,56.394,0.0,0.014031814,2.3125045,4.516557
233,77.433624,0.70000005,176.3841,253.81772,208.26921,Spring_North,Primary,57.002,0.0,0.012811041,5.081074,8.231571
234,77.0816,0.70000005,176.19507,253.27667,209.42265,Spring_North,Primary,57.275333,0.0,0.012280096,3.8681765,8.342095
235,76.488045,0.70000005,177.19917,253.68723,210.08076,Spring_North,Primary,57.7236,0.0,0.011433381,4.01539,8.746952
236,75.76017,0.70000005,177.62503,253.38521,210.18364,Spring_North,Primary,58.17218,0.0,0.010616006,4.092783,8.316083
237,74.94403,0.70000005,178.62135,253.56538,210.56654,Spring_North,Primary,58.6246,0.0,0.009822026,4.133046,8.387545
238,74.00132,0.27638772,179.06966,253.07097,210.46132,Spring_North,Primary,59.075,0.0,0.009061945,4.1540184,8.821912
239,75.55645,0.14016998,178.01573,253.57217,210.16011,Spring_North,Primary,59.523777,0.0,0.0083347745,4.201363,9.276276
240,67.63881,0.2135827,186.40346,254.04227,214.43515,Spring_North,Primary,59.706,0.0,0.008048122,2.5913055,7.4033713
241,74.88858,0.28892595,177.88411,252.77269,207.97264,Spring_North,Primary,60.606,0.0,0.0067053703,5.3263392,9.214256
242,75.88049,0.28986195,177.40445,253.28494,209.47961,Spring_North,Primary,60.874184,0.0,0.0063287807,4.18482,9.0403385
243,67.14116,0.34852284,185.21733,252.35849,213.60292,Spring_North,Primary,61.056,0.0,0.0060796174,2.6676817,7.3926725
247,75.91806,0.39214835,177.00085,252.91891,208.20856,Spring_North,Primary,63.303,0.0,0.0034116216,5.217457,8.154814
248,75.81184,0.39243987,177.55318,253.365,209.67036,Spring_North,Primary,63.575726,0.0,0.0031396963,3.9743257,9.691753
249,75.97819,0.3926704,177.32878,253.30696,209.78842,Spring_North,Primary,64.0224,0.0,0.0027186575,4.1987095,9.483035
250,76.92107,0.3161695,176.342,253.26306,209.1898,Spring_North,Primary,64.46959,0.0,0.0023274096,4.051368,8.474706
251,76.8661,0.26846957,176.39769,253.26378,209.73705,Spring_North,Primary,64.9204,0.0,0.0019636736,4.163198,8.348076
252,76.449295,0.27034858,177.08841,253.5377,209.55766,Spring_North,Primary,65.3694,0.0,0.0016320478,4.33629,8.939992
253,68.02741,0.26891667,184.87698,252.9044,212.49321,Spring_North,Primary,65.549,0.0,0.0015079658,2.6010778,7.970128
254,75.48785,0.29121625,176.93254,252.42038,207.67842,Spring_North,Primary,66.446,0.0,0.0009615909,5.4631186,9.258445
255,76.564865,0.29212826,176.19872,252.76358,210.06288,Spring_North,Primary,66.7154,0.0,0.00082137366,4.372942,9.47792
256,76.6393,0.293199,176.46858,253.10788,209.25244,Spring_North,Primary,67.16651,0.0,0.00061129103,4.338894,9.642003
257,76.04405,0.29223335,176.75781,252.80185,209.97704,Spring_North,Primary,67.6124,0.0,0.00043406527,4.264603,9.32644
258,75.832375,0.29233775,176.43323,252.26561,209.57417,Spring_North,Primary,68.0608,0.0,0.00028635087,4.3071003,9.749901
259,74.44166,0.3371785,176.27191,250.71358,204.20963,Spring_North,Primary,68.49001,0.0,0.00017362688,3.3020537,8.462269
260,77.37631,0.2385911,175.29865,252.67497,208.38371,Spring_North,Primary,68.96611,0.0,8.1400816e-05,4.264417,9.990033
261,76.52082,0.16047716,176.1747,252.69553,209.11841,Spring_North,Primary,69.40459,0.0,2.6997846e-05,4.1879416,9.506157
262,75.77019,0.15637428,176.19421,251.9644,209.34422,Spring_North,Primary,69.8548,0.0,1.6055644e-06,4.261956,9.046402
263,77.679756,0.15536278,175.35605,253.03581,209.1159,Spring_North,Primary,70.3034,0.0,7.010111e-06,4.3075747,8.423426
264,75.86621,0.15810649,176.99797,252.86418,208.8722,Spring_North,Primary,70.74999,0.0,4.2835058e-05,4.42668,9.535989
265,75.7778,0.1720466,176.6357,252.41348,204.31236,Spring_North,Primary,71.17536,0.0,0.000105202,3.7829804,8.574
266,76.730034,0.3942841,175.37535,252.1054,203.93785,Spring_North,Primary,71.72001,0.0,0.00022528144,7.070468,9.20827
267,75.45618,0.39648473,176.1999,251.65608,209.01007,Spring_North,Primary,72.09499,0.0,0.0003342029,4.1951756,9.178871
268,76.21643,0.45375043,176.11043,252.32686,200.86479,Spring_North,Primary,72.444,0.0,0.00045481135,3.204651,8.597433
284,75.17626,0.44882986,176.16736,251.34363,207.35701,Spring_North,Primary,79.84387,0.0,0.0073613655,4.607365,10.387196
285,76.9874,0.44844395,175.72964,252.71704,209.19254,Spring_North,Primary,80.175,0.0,0.007863609,4.394274,8.885367
286,77.82053,0.4484765,174.97957,252.8001,208.75456,Spring_North,Primary,80.62259,0.0,0.00856862,4.360825,9.452982
287,77.378784,0.43662667,174.9105,252.28929,209.22913,Spring_North,Primary,81.074,0.0,0.009310037,4.446639,9.500387
288,77.090836,0.2093877,174.92894,252.01978,209.26364,Spring_North,Primary,81.524,0.0,0.010079446,4.3605294,8.864181
289,76.47845,0.20951514,175.73413,252.21257,208.99654,Spring_North,Primary,81.97218,0.0,0.010875785,4.1640525,9.285371
290,78.427345,0.05512159,174.44269,252.87004,209.10258,Spring_North,Primary,82.424,0.0,0.011708878,4.3723087,9.449655
291,76.57905,0.03144689,175.82462,252.40367,209.26283,Spring_North,Primary,82.874,0.0,0.012568799,4.3449497,9.545887
292,68.16387,0.19198403,183.96634,252.1302,211.15056,Spring_North,Primary,83.054,0.0,0.01292119,2.8762486,7.2671204
293,77.37248,0.24354959,176.48152,253.854,208.29385,Spring_North,Primary,83.955,0.0,0.014757284,5.319294,8.732572
294,69.85447,0.31138673,183.47836,253.33282,211.43317,Spring_North,Primary,83.955,0.0,0.014757284,2.7246585,7.9438896
297,78.976204,0.34093297,174.08073,253.05693,207.72005,Spring_North,Primary,85.759,0.0,0.018793706,5.0776877,9.22357
298,76.1655,0.3433662,175.6007,251.7662,209.51352,Spring_North,Primary,86.0302,0.0,0.019441862,4.469516,9.575672
299,67.72929,0.36647224,183.56691,251.2962,211.0759,Spring_North,Primary,86.211,0.0,0.019879946,3.120856,8.980896
300,78.57252,0.40481803,174.36871,252.94122,207.74225,Spring_North,Primary,87.114,0.0,0.02213943,5.3125343,9.677626
301,79.049805,0.3597943,175.1702,254.22,209.35075,Spring_North,Primary,87.3852,0.0,0.02284123,4.5582905,9.874922
302,78.248886,0.33276507,174.48618,252.73506,209.24521,Spring_North,Primary,87.8378,0.0,0.024036245,4.4782033,10.336704
303,79.186134,0.24166127,173.76682,252.95294,208.88396,Spring_North,Primary,88.288376,0.0,0.025255414,4.5580835,9.885994
304,77.47007,0.22420806,174.32074,251.79082,209.06242,Spring_North,Primary,88.7428,0.0,0.026514743,4.533817,10.851028
305,79.13925,0.22526158,174.19833,253.33759,208.94463,Spring_North,Primary,89.1958,0.0,0.027799763,4.6076326,10.329999
306,77.941795,0.10155462,174.89401,252.83582,209.08842,Spring_North,Primary,89.65154,0.0,0.029122356,4.7401395,9.859494
307,78.147125,0.031129777,175.08446,253.23158,209.24426,Summer_North,Primary,90.1018,0.0,0.030458272,4.4906898,9.797112
308,78.08221,0.031117572,175.06316,253.14537,209.08371,Summer_North,Primary,90.553566,0.0,0.031827815,4.5143247,10.246426
309,76.756386,0.029765593,174.94748,251.70387,209.433,Summer_North,Primary,91.0094,0.0,0.03323919,4.5849977,10.08634
310,76.420715,0.0321448,176.10469,252.5254,209.82724,Summer_North,Primary,91.4634,0.0,0.034674253,4.5635843,9.96722
311,76.39611,0.040877346,176.04234,252.43846,209.24298,Summer_North,Primary,91.915565,0.0,0.036132555,4.7866216,10.544155
312,77.208084,0.04162063,175.446,252.6541,209.6302,Summer_North,Primary,92.372,0.0,0.037633926,4.6836557,10.901134
313,78.87204,0.0382269,175.26956,254.14159,209.70436,Summer_North,Primary,92.827,0.0,0.039159782,4.6533203,10.772069
314,78.46629,0.034193464,175.16713,253.63342,209.29301,Summer_North,Primary,93.28016,0.0,0.04070836,4.5798507,9.64437
315,78.21722,0.03598629,175.33647,253.5537,209.83728,Summer_North,Primary,93.737,0.0,0.04229858,4.4802866,9.790602
316,77.98742,0.03682881,175.04375,253.03117,209.58646,Summer_North,Primary,94.1926,0.0,0.043913472,4.7020564,10.152421
317,78.823685,0.03589493,174.78906,253.61275,209.20787,Summer_North,Primary,94.65137,0.0,0.04556872,4.6047726,10.135449
318,78.30393,0.03458394,175.42227,253.72621,209.95116,Summer_North,Primary,95.1046,0.0,0.04723263,4.4716077,9.29407
319,79.009674,0.03740145,174.95111,253.96078,209.78876,Summer_North,Primary,95.5612,0.0,0.048937537,4.7292695,10.148909
320,79.04452,0.036829114,174.9545,253.99902,209.62027,Summer_North,Primary,96.02097,0.0,0.050683226,4.62762,9.932286
321,77.974106,0.03907814,176.0235,253.9976,210.48495,Summer_North,Primary,96.4752,0.0,0.052436296,4.593884,9.943153
322,79.091225,0.035484247,174.79677,253.888,209.3922,Summer_North,Primary,96.93095,0.0,0.054223496,4.5668993,10.059118
323,79.11061,0.03653172,175.23885,254.34946,210.43665,Summer_North,Primary,97.3908,0.0,0.056055367,4.504648,9.839686
324,79.5498,0.03578218,175.05525,254.60506,210.34978,Summer_North,Primary,97.8488,0.0,0.05790829,4.5343294,10.021467
325,79.04119,0.032662988,175.56479,254.60597,209.5329,Summer_North,Primary,98.30495,0.0,0.0597818,4.5625186,10.504315
326,78.9758,0.024613379,175.09329,254.06909,210.24353,Summer_North,Primary,98.7654,0.0,0.06170128,4.6346836,10.033113
327,78.50476,0.028155021,174.79346,253.29822,210.17673,Summer_North,Primary,99.225,0.0,0.06364544,4.6838846,10.48279
328,79.06145,0.027770653,175.25331,254.31476,209.83176,Summer_North,Primary,99.68255,0.0,0.06560879,4.609303,10.344418
329,79.47222,0.03440339,175.02621,254.49844,210.32953,Summer_North,Primary,100.144,0.0,0.067616984,4.419367,10.002583
330,78.37103,0.034953497,175.8464,254.21744,210.54243,Summer_North,Primary,100.6046,0.0,0.06964942,4.6480207,9.640987
331,77.4537,0.038543276,176.43356,253.88727,210.1256,Summer_North,Primary,101.06779,0.0,0.07172132,4.4525146,10.888883
332,77.699684,0.037808914,176.2108,253.91049,210.62654,Summer_North,Primary,101.5256,0.0,0.07379669,4.5190115,9.868209
333,79.508446,0.036678478,176.42279,255.93123,210.44124,Summer_North,Primary,101.98534,0.0,0.07590814,4.5329137,10.163794
334,78.93008,0.033127252,176.27577,255.20586,210.75832,Summer_North,Primary,102.4492,0.0,0.07806625,4.6038,10.734714
335,78.88569,0.03183096,176.1851,255.0708,211.08699,Summer_North,Primary,102.9112,0.0,0.08024316,4.4835887,10.215603
336,80.024956,0.027413996,175.4937,255.51866,210.43541,Summer_North,Primary,103.37193,0.0,0.08244127,4.5159845,10.245299
337,79.76835,0.021453569,175.41582,255.18416,210.9425,Summer_North,Primary,103.8368,0.0,0.0846865,4.508702,10.520812
338,78.61268,0.017249286,176.69662,255.30931,211.02626,Summer_North,Primary,104.2998,0.0,0.08694987,4.531459,10.9284525
339,78.78116,0.023984328,175.88655,254.66771,210.60648,Summer_North,Primary,104.76153,0.0,0.08923387,4.649736,10.693549
340,78.46551,0.034416556,176.76073,255.22623,211.49857,Summer_North,Primary,105.2274,0.0,0.09156543,4.7189913,10.858966
341,79.711754,0.03671117,176.98088,256.69266,211.8032,Summer_North,Primary,105.692,0.0,0.093917504,4.5780373,10.526949
342,79.16891,0.034206867,176.86317,256.03207,211.10335,Summer_North,Primary,106.15982,0.0,0.09631284,4.554374,10.498542
343,78.75606,0.041706737,177.10321,255.85927,211.58163,Summer_North,Primary,106.6226,0.0,0.09870888,4.792808,9.613946
344,78.45155,0.037697673,176.841,255.29256,211.41309,Summer_North,Primary,107.0886,0.0,0.10114803,4.6258616,10.212718
345,81.06869,0.044824045,175.8444,256.9131,210.92671,Summer_North,Primary,107.55803,0.0,0.10363182,4.436521,9.559617
346,81.367935,0.043617386,175.5042,256.87213,211.35963,Summer_North,Primary,108.0222,0.0,0.106113926,4.528345,9.731342
347,81.02282,0.041743156,175.12242,256.14523,210.82343,Summer_North,Primary,108.48731,0.0,0.108627014,4.6264772,10.717357
348,81.98009,0.040911984,174.90053,256.8806,211.3329,Summer_North,Primary,108.9568,0.0,0.11118988,4.658435,10.220731
349,80.860214,0.041003115,175.24823,256.10843,211.30225,Summer_North,Primary,109.4248,0.0,0.11377062,4.5473156,11.437672
350,80.19112,0.030684555,176.75783,256.94894,210.94336,Summer_North,Primary,109.8915,0.0,0.11636987,4.652613,10.138556
351,81.01948,0.049022105,175.96759,256.98706,211.39444,Summer_North,Primary,110.363,0.0,0.119021654,4.8813467,11.614945
352,79.71433,0.06429785,176.7714,256.48575,211.8791,Summer_North,Primary,110.833,0.0,0.121690705,5.0245194,11.139976
353,78.858,0.059983768,176.99724,255.85524,211.53444,Summer_North,Primary,111.30585,0.0,0.12440162,4.6568365,10.839713
354,79.39083,0.06078433,177.23079,256.6216,212.04996,Summer_North,Primary,111.7736,0.0,0.12710848,4.860535,11.1380415
355,80.71505,0.061180137,176.64645,257.3615,212.08627,Summer_North,Primary,112.2446,0.0,0.12985925,4.6840043,10.881686
356,82.00128,0.059125356,176.4445,258.44577,211.63701,Summer_North,Primary,112.71906,0.0,0.13265553,4.5730567,11.090693
357,80.956345,0.056330014,176.47603,257.43237,212.06535,Summer_North,Primary,113.1882,0.0,0.1354452,4.898593,10.336513
358,80.68902,0.06055434,177.28555,257.97458,211.84789,Summer_North,Primary,113.65889,0.0,0.13826866,4.55469,10.300164
359,81.66986,0.049342796,176.51964,258.1895,212.39085,Summer_North,Primary,114.1344,0.0,0.14114583,4.8133097,10.669498
360,79.67407,0.051424272,177.94524,257.61932,212.98846,Summer_North,Primary,114.6084,0.0,0.14403845,4.713229,10.490664
361,80.52129,0.050440077,177.89438,258.41565,212.19202,Summer_North,Primary,115.08048,0.0,0.1469436,4.8411326,10.759164
362,80.88708,0.051275447,176.80818,257.69525,212.51463,Summer_North,Primary,115.557,0.0,0.14990033,4.8056545,10.719373
363,81.01574,0.044840466,176.84401,257.85974,212.81544,Summer_North,Primary,116.0326,0.0,0.15287551,4.8609185,10.492774
364,81.56002,0.041911013,177.27417,258.8342,212.48807,Summer_North,Primary,116.506676,0.0,0.15586498,4.8426113,10.918155
365,80.7712,0.039311145,177.44478,258.21597,212.95491,Summer_North,Primary,116.9852,0.0,0.15890637,4.5644712,10.910155
366,82.987885,0.2981029,176.61563,259.60352,222.47473,Summer_North,Primary,117.5896,0.0,0.16278179,6.6200843,11.303043
367,82.976746,0.29980117,176.84825,259.825,212.65909,Summer_North,Primary,117.95846,0.0,0.16516535,4.66087,9.82646
368,80.8955,0.2978158,177.67674,258.57224,213.27103,Summer_North,Primary,118.4184,0.0,0.16815698,4.8925967,11.373854
369,81.24925,0.32415622,177.1936,258.44287,208.03215,Summer_North,Primary,118.87372,0.0,0.17113958,4.3795357,10.581849
370,79.33288,0.32480946,179.47105,258.80392,213.60428,Summer_North,Primary,119.377,0.0,0.17446052,5.210864,12.189709
371,79.43247,0.32295227,178.91908,258.35153,213.86188,Summer_North,Primary,119.857,0.0,0.17765124,5.1135454,12.194107
372,81.51628,0.3137364,178.49402,260.0103,212.943,Summer_North,Primary,120.335655,0.0,0.18085556,4.9558554,10.522111
373,79.68357,0.13628739,179.19688,258.88046,213.63515,Summer_North,Primary,120.8186,0.0,0.18411115,5.161702,11.762345
374,80.11246,0.14515577,178.6073,258.71976,213.61026,Summer_North,Primary,121.3008,0.0,0.18738411,5.3974786,13.037496
375,82.09932,0.14634174,178.4906,260.58994,213.66136,Summer_North,Primary,121.78125,0.0,0.19066726,5.213162,11.425958
376,82.14673,0.05061139,178.82469,260.97144,214.47495,Summer_North,Primary,122.25833,0.0,0.19394886,5.165288,11.85852
377,80.99089,0.053886123,178.99553,259.98642,213.71202,Summer_North,Primary,122.7504,0.0,0.19735579,5.316467,11.03375
378,79.67325,0.060129736,180.09906,259.7723,213.55762,Summer_North,Primary,123.237335,0.0,0.20074914,4.976238,10.563399
379,80.51654,0.04817709,178.45094,258.96747,213.61996,Summer_North,Primary,123.7196,0.0,0.20413128,5.191203,12.513644
380,81.45627,0.0492316,178.69447,260.15073,213.65845,Summer_North,Primary,124.2056,0.0,0.2075608,5.1160474,11.338795
381,80.28446,0.041008525,179.32825,259.6127,213.70616,Summer_North,Primary,124.69454,0.0,0.21103235,5.061529,10.813739
382,83.10135,0.041244153,178.27637,261.37772,214.11664,Summer_North,Primary,125.1782,0.0,0.21448702,5.2070417,11.46139
383,81.93822,0.051195912,179.50923,261.44745,213.92653,Summer_North,Primary,125.663826,0.0,0.21797627,5.418527,11.950864
384,81.97673,0.05266747,179.81978,261.7965,214.71347,Summer_North,Primary,126.1544,0.0,0.2215216,5.2322855,11.632464
385,82.365555,0.25359648,178.94522,261.31076,224.58688,Summer_North,Primary,126.7301,0.0,0.22570817,6.6121917,11.114489
386,83.31537,0.25489128,178.27348,261.58887,213.65906,Summer_North,Primary,127.15284,0.0,0.22880004,5.1320515,11.4129715
387,84.57168,0.2510989,177.74512,262.3168,213.85713,Summer_North,Primary,127.6236,0.0,0.23226051,5.2931952,11.98033
388,84.2009,0.24777496,177.51872,261.71964,214.23843,Summer_North,Primary,128.1146,0.0,0.235889,5.1430197,11.80582
389,84.05026,0.24645928,176.9329,260.98315,213.76187,Summer_North,Primary,128.60918,0.0,0.23956358,5.3057446,11.508421
390,85.3167,0.24929112,177.56815,262.88486,214.45193,Summer_North,Primary,129.0988,0.0,0.24322039,5.1652694,12.21557
391,83.68748,0.24841891,178.26076,261.94824,214.3786,Summer_North,Primary,129.5918,0.0,0.2469214,5.315176,11.623727
392,84.14891,0.03236611,178.77257,262.92148,214.31061,Summer_North,Primary,130.0884,0.0,0.25066835,5.27467,11.473106
393,84.736244,0.041273315,177.81326,262.5495,214.20688,Summer_North,Primary,130.58,0.0,0.25439608,5.491432,12.323154
394,85.52548,0.043057457,177.18501,262.7105,213.64131,Summer_North,Primary,131.0736,0.0,0.2581571,5.3450284,11.0225115
395,85.17269,0.047293797,177.25201,262.4247,214.44037,Summer_North,Primary,131.5716,0.0,0.26196992,5.0901556,12.088946
396,85.64491,0.049938522,177.1132,262.75812,214.24025,Summer_North,Primary,132.0682,0.0,0.26578987,5.432627,12.959314
397,85.71199,0.04784668,176.95267,262.66467,213.73096,Summer_North,Primary,132.56378,0.0,0.26961958,5.4135942,12.026642
398,84.85898,0.06581559,178.42549,263.2845,215.27167,Summer_North,Primary,133.0644,0.0,0.27350563,5.03638,10.833145
399,86.48104,0.08060318,177.1731,263.65414,214.7348,Summer_North,Primary,133.5634,0.0,0.27739638,4.946803,10.46998
400,86.746925,0.07285749,177.00052,263.74744,213.8682,Summer_North,Primary,134.06097,0.0,0.28129286,5.1628985,11.440604
401,87.38341,0.071536414,176.78265,264.16605,214.14809,Summer_North,Primary,134.5636,0.0,0.28524554,5.0163918,12.628256
402,87.24863,0.07378965,175.8426,263.09125,214.03358,Summer_North,Primary,135.0646,0.0,0.28920192,5.3230753,12.227549
403,86.04148,0.0642057,177.47328,263.51477,214.09149,Summer_North,Primary,135.56985,0.0,0.29320818,5.1516576,10.590519
404,88.68963,0.049745068,175.37321,264.06284,214.23315,Summer_North,Primary,136.0698,0.0,0.29718828,5.1842136,11.667689
405,87.1763,0.05051457,176.94545,264.12177,214.12894,Summer_North,Primary,136.57137,0.0,0.30119672,4.928321,10.642601
406,86.693665,0.05500116,177.71011,264.40378,215.02281,Summer_North,Primary,137.078,0.0,0.3052612,4.907609,11.347494
407,85.108345,0.0661791,179.35834,264.46667,215.37146,Summer_North,Primary,137.583,0.0,0.30932766,5.336639,10.696248
408,86.775475,0.06876168,178.09392,264.8694,215.23013,Summer_North,Primary,138.08656,0.0,0.31339726,4.9770594,9.772642
409,86.15083,0.07098813,178.65225,264.80307,216.27798,Summer_North,Primary,138.5952,0.0,0.31752262,4.8790936,11.366881
410,84.70503,0.06974545,179.93852,264.64355,216.13496,Summer_North,Primary,139.1028,0.0,0.3216538,5.048529,11.136259
411,84.838295,0.06444849,180.08371,264.922,215.89926,Summer_North,Primary,139.60934,0.0,0.3257904,4.9476585,10.105389
412,84.72395,0.06261408,180.19019,264.91412,216.6583,Summer_North,Primary,140.121,0.0,0.32998255,4.892727,10.80425
413,84.26432,0.07085611,180.74109,265.0054,217.12166,Summer_North,Primary,140.631,0.0,0.33417463,4.7614574,9.826241
414,84.5331,0.0449638,181.36801,265.9011,216.60341,Summer_North,Primary,141.1447,0.0,0.33841038,4.780605,10.720111
415,84.25001,0.04761043,182.464,266.71402,217.90665,Summer_North,Primary,141.6532,0.0,0.34261608,4.7664256,9.341496
416,84.06509,0.0942537,182.15053,266.2156,218.11263,Summer_North,Primary,142.1658,0.0,0.34686822,4.2822104,7.5525227
417,83.47437,0.098478794,182.6909,266.16528,217.45543,Summer_North,Primary,142.68251,0.0,0.35116687,4.3410935,9.076492
418,86.44319,0.08794379,181.09573,267.5389,217.85753,Summer_North,Primary,143.1934,0.0,0.35542896,4.771325,10.086259
419,83.61242,0.08066133,182.58069,266.19308,218.16573,Summer_North,Primary,143.70592,0.0,0.35971624,4.524645,9.557054
420,83.92224,0.08319124,183.13815,267.0604,218.837,Summer_North,Primary,144.2242,0.0,0.36406308,4.7658362,9.94747
421,81.88807,0.2685696,185.52278,267.41086,229.79839,Summer_North,Primary,144.8335,0.0,0.36918753,5.9634924,10.324121
422,83.54637,0.26806653,184.02873,267.5751,219.68004,Summer_North,Primary,145.28014,0.0,0.37295341,4.6181664,9.472062
423,83.16847,0.25482178,184.3744,267.54288,219.89674,Summer_North,Primary,145.7774,0.0,0.37715513,4.9523983,10.175506
424,81.92783,0.24364388,185.21866,267.14648,219.41565,Summer_North,Primary,146.2964,0.0,0.3815504,5.3368363,11.814916
425,82.45726,0.2510228,184.51132,266.9686,218.7967,Summer_North,Primary,146.8145,0.0,0.3859477,5.5535226,11.670799
426,84.44057,0.24481277,184.22023,268.6608,219.04959,Summer_North,Primary,147.3376,0.0,0.390397,5.786085,12.430662
427,84.03385,0.24280211,183.9105,267.94437,219.07736,Summer_North,Primary,147.8598,0.0,0.39484772,5.939005,12.705087
428,85.88469,0.1776051,181.87057,267.75525,217.73114,Summer_North,Primary,148.38597,0.0,0.3993411,6.0049534,13.89772
429,84.47232,0.13144886,182.59337,267.06567,218.1875,Summer_North,Primary,148.9064,0.0,0.4037938,5.76309,12.065433
430,85.80393,0.09911834,182.34972,268.15366,217.91736,Summer_North,Primary,149.42888,0.0,0.40827206,5.3262086,11.94277
431,86.022194,0.084078215,181.60501,267.6272,218.46747,Summer_North,Primary,149.9566,0.0,0.41280296,5.633659,11.865073
432,86.325584,0.08218711,181.62737,267.95294,218.25247,Summer_North,Primary,150.4826,0.0,0.41732645,5.601331,12.618832
433,85.390686,0.08511513,181.41376,266.80444,217.69545,Summer_North,Primary,151.00766,0.0,0.42184886,5.922416,12.986511
434,86.13214,0.07642616,182.68353,268.81567,218.37254,Summer_North,Primary,151.5384,0.0,0.42642674,5.6936846,12.094226
435,86.00228,0.2591601,181.92891,267.93118,219.91623,Summer_North,Primary,152.12785,0.0,0.43151852,7.6640916,11.422995
436,85.50891,0.2645508,181.60693,267.11584,217.73534,Summer_North,Primary,152.59546,0.0,0.43556288,5.522121,11.520555
437,87.631325,0.26471326,181.2746,268.9059,218.13522,Summer_North,Primary,153.1286,0.0,0.44017935,5.3136,11.539556
438,86.93197,0.26248726,181.71738,268.64935,218.14375,Summer_North,Primary,153.6602,0.0,0.44478762,5.8079286,12.046981
439,86.39614,0.26189482,181.59406,267.9902,217.60857,Summer_North,Primary,154.19664,0.0,0.44944265,5.681757,12.298851
440,85.73335,0.26903138,181.4384,267.17175,218.10127,Summer_North,Primary,154.7274,0.0,0.4540528,5.420464,11.787027
441,86.662025,0.27519548,182.09062,268.75266,217.70457,Summer_North,Primary,155.25984,0.0,0.45868146,5.4049406,11.66482
442,86.95166,0.06725078,181.83815,268.7898,218.18643,Summer_North,Primary,155.7976,0.0,0.46336,5.79225,11.933442
443,85.70571,0.07740725,182.77605,268.48175,218.29214,Summer_North,Primary,156.3342,0.0,0.46803167,5.8822675,12.582
444,85.42729,0.069489025,183.36066,268.78796,218.37675,Summer_North,Primary,156.86963,0.0,0.47269592,5.463318,10.706336
445,87.06817,0.07005689,182.76582,269.83398,218.7229,Summer_North,Primary,157.4104,0.0,0.47740918,5.4409947,10.490914
446,86.30497,0.06874464,183.46614,269.77112,218.85347,Summer_North,Primary,157.95,0.0,0.4821142,5.527944,11.270633
447,87.78971,0.065570764,182.20528,269.995,218.38387,Summer_North,Primary,158.48782,0.0,0.48680526,5.53616,9.895736
448,85.97789,0.058622643,182.80719,268.7851,218.73824,Summer_North,Primary,159.0312,0.0,0.49154603,5.538373,11.95524
449,86.57719,0.07080453,183.1244,269.7016,219.20465,Summer_North,Primary,159.5738,0.0,0.49628073,5.1878133,10.378281
450,87.551834,0.05304957,182.89467,270.4465,218.4919,Summer_North,Primary,160.1207,0.0,0.5010533,5.2214313,11.172512
451,87.8359,0.05197306,182.04631,269.8822,218.68103,Summer_North,Primary,160.6614,0.0,0.5057717,5.396838,10.38933
452,88.336205,0.05899042,181.44182,269.778,218.73618,Summer_North,Primary,161.2066,0.0,0.5105288,5.628681,11.390666
453,88.9498,0.058408506,180.57623,269.52603,218.27368,Summer_North,Primary,161.7559,0.0,0.5153208,5.453185,11.476986
454,88.17691,0.07088155,181.23164,269.40854,218.53574,Summer_North,Primary,162.2998,0.0,0.5200642,5.7570033,12.313958
455,88.23473,0.081815936,181.71054,269.94525,217.92534,Summer_North,Primary,162.84618,0.0,0.5248274,5.749634,10.142245
456,89.77759,0.06675348,181.01822,270.7958,218.44052,Summer_North,Primary,163.3974,0.0,0.52963054,5.540649,11.27446
457,90.688614,0.05830016,180.48874,271.17734,218.60522,Summer_North,Primary,163.9476,0.0,0.53442204,5.3337293,11.195669
458,89.514114,0.054672748,180.98344,270.49756,218.28061,Summer_North,Primary,164.49637,0.0,0.539198,5.487019,11.049582
459,91.205246,0.054298967,180.29022,271.49545,218.63463,Summer_North,Primary,165.0508,0.0,0.54401946,5.4773545,10.668594
460,90.9302,0.053597838,181.00572,271.9359,218.60222,Summer_North,Primary,165.6038,0.0,0.5488244,5.4861336,10.658455
461,90.57298,0.049066525,180.15831,270.7313,218.30684,Summer_North,Primary,166.15517,0.0,0.5536107,5.338789,11.296071
462,89.378944,0.029791128,181.93312,271.31207,218.82858,Summer_North,Primary,166.7126,0.0,0.55844456,5.5051403,11.890031
463,90.35696,0.030226838,181.14883,271.5058,218.52922,Summer_North,Primary,167.2686,0.0,0.5632605,5.326504,10.307831
464,90.6231,0.028209483,181.2244,271.8475,218.26953,Summer_North,Primary,167.82918,0.0,0.5681101,5.394255,10.265495
465,89.99914,0.028987002,181.09607,271.0952,218.64476,Summer_North,Primary,168.3838,0.0,0.57290167,5.3307934,12.111094
466,89.37123,0.027645849,181.63382,271.00507,218.26457,Summer_North,Primary,168.94073,0.0,0.5777064,5.417455,11.344067
467,89.418076,0.027839575,181.64001,271.0581,218.8599,Summer_North,Primary,169.503,0.0,0.58254963,5.475423,10.574078
468,91.30813,0.032392137,181.53568,272.8438,219.40172,Summer_North,Primary,170.0642,0.0,0.58737576,5.5108213,9.861115
469,91.93546,0.03399555,180.70274,272.6382,218.93982,Summer_North,Primary,170.62393,0.0,0.5921809,5.5286155,10.1369915
470,91.35662,0.038589995,181.57936,272.93597,219.60397,Summer_North,Primary,171.1888,0.0,0.5970213,5.2936945,10.329836
471,91.10557,0.039720222,181.90773,273.0133,219.87509,Summer_North,Primary,171.753,0.0,0.6018465,5.462892,11.700962
472,90.796104,0.037526216,181.92433,272.72043,219.61111,Summer_North,Primary,172.31572,0.0,0.6066492,5.524966,11.883802
473,89.75615,0.048685607,182.25883,272.01498,220.27507,Summer_North,Primary,172.8842,0.0,0.61149067,5.222475,9.5608425
474,91.65134,0.051655307,181.58377,273.2351,220.22978,Summer_North,Primary,173.4512,0.0,0.61630857,5.271747,9.885337
475,90.63108,0.04853536,182.54025,273.17133,219.84413,Summer_North,Primary,174.02284,0.0,0.6211544,5.397468,10.261989
476,90.815125,0.040087327,182.65535,273.47046,220.2725,Summer_North,Primary,174.5884,0.0,0.6259367,5.3591814,10.078775
477,90.52466,0.042174052,182.41647,272.94113,219.99826,Summer_North,Primary,175.1563,0.0,0.63072646,5.226725,9.239756
478,91.455376,0.039236724,181.74721,273.20258,220.33516,Summer_North,Primary,175.7296,0.0,0.6355489,5.3204403,10.868523
479,91.45282,0.024494447,182.27373,273.72653,220.3802,Summer_North,Primary,176.3018,0.0,0.64034843,5.299209,9.388577
480,92.28886,0.037393168,181.52834,273.8172,220.13786,Summer_North,Primary,176.87248,0.0,0.64512134,5.071808,9.730674
481,91.12936,0.05363702,182.16928,273.29865,220.39415,Summer_North,Primary,177.449,0.0,0.6499284,4.972919,9.003156
482,93.20884,0.04710018,181.00931,274.21814,220.34486,Summer_North,Primary,178.024,0.0,0.6547077,5.1774583,8.936258
483,92.86786,0.0486591,181.38089,274.24875,220.21425,Summer_North,Primary,178.59787,0.0,0.65946203,4.971684,7.898368
484,91.33407,0.048753913,182.14655,273.48062,220.56755,Summer_North,Primary,179.1772,0.0,0.6642454,5.0339794,7.980447
485,93.69143,0.04848355,181.04663,274.73807,220.41591,Summer_North,Primary,179.7554,0.0,0.6690027,4.8599467,8.442156
486,91.71751,0.040767234,182.31522,274.0327,220.18007,Fall_North,Primary,180.3379,0.005631818,0.67377806,4.857283,8.030473
487,89.65506,0.12602927,182.00066,271.6557,212.46077,Fall_North,Primary,180.87358,0.0145598035,0.67815363,4.561952,8.1086645
488,91.034325,0.13273165,182.11052,273.14484,216.86249,Fall_North,Primary,181.52657,0.025442753,0.6834663,4.7628117,7.260586
489,93.04803,0.12251656,181.87498,274.923,219.96162,Fall_North,Primary,182.08173,0.034695454,0.6879644,4.721161,7.588191
490,92.78917,0.12225056,182.66957,275.45874,220.75235,Fall_North,Primary,182.6614,0.044356667,0.6926422,4.827889,7.6113267
491,93.58893,0.111333475,181.43095,275.0199,220.08083,Fall_North,Primary,183.24304,0.054050673,0.6973161,4.7507486,8.191142
492,94.21735,0.11189755,181.0559,275.27325,220.52882,Fall_North,Primary,183.8306,0.06384333,0.70201695,4.712976,8.612019
493,93.899124,0.12509017,180.62238,274.52148,220.70029,Fall_North,Primary,184.4166,0.07361,0.7066841,4.4704113,7.046089
494,93.31282,0.08928289,181.91884,275.23166,220.1428,Fall_North,Primary,185.00142,0.08335707,0.7113204,4.635543,7.72996
495,93.84797,0.07819439,181.47917,275.32715,220.75441,Fall_North,Primary,185.5918,0.09319667,0.7159783,4.4749565,6.73888
496,92.948524,0.079702854,181.40424,274.35275,220.10861,Fall_North,Primary,186.181,0.10301667,0.7206041,4.620162,7.6260524
497,93.299675,0.0763743,181.7216,275.02127,219.90121,Fall_North,Primary,186.76862,0.11281027,0.7251943,4.709863,7.5765824
498,93.31402,0.07455216,181.50935,274.82336,220.22125,Fall_North,Primary,187.3622,0.122703336,0.72980696,4.601758,7.166229
499,93.89352,0.076098315,181.8735,275.76703,221.11826,Fall_North,Primary,187.9542,0.13257,0.7343828,4.6098323,7.526454
500,92.41919,0.07372213,182.34839,274.76758,220.64848,Fall_North,Primary,188.551,0.14251667,0.7389704,4.58306,8.261867
501,92.1726,0.07664801,181.99344,274.16605,220.88757,Fall_North,Primary,189.1414,0.15235667,0.7434833,4.5823083,7.203817
502,91.984634,0.07681474,182.17787,274.1625,220.05151,Fall_North,Primary,189.73419,0.16223653,0.74798846,4.5111938,7.9935756
503,92.522964,0.080583945,182.22668,274.74966,220.56146,Fall_North,Primary,190.3326,0.17221,0.7525094,4.5394144,7.8922834
504,92.83958,0.08883378,181.87518,274.71478,220.4252,Fall_North,Primary,190.9298,0.18216333,0.7569937,4.775759,8.28797
505,94.15521,0.09161772,182.53848,276.6937,220.34879,Fall_North,Primary,191.52539,0.19208974,0.76143813,4.5763264,7.156694
506,91.60209,0.09706156,183.88507,275.48715,221.30536,Fall_North,Primary,192.1264,0.20210667,0.7658944,4.5196233,8.31052
507,93.87734,0.117112935,183.36227,277.23962,221.9142,Fall_North,Primary,192.726,0.2121,0.77031106,4.3405776,7.451658
508,93.254906,0.124744385,182.75163,276.00656,220.98483,Fall_North,Primary,193.32477,0.22207946,0.77469206,4.714613,8.47593
509,93.69869,0.12585981,182.61531,276.314,221.08456,Fall_North,Primary,193.9292,0.23215333,0.779084,4.516501,7.990647
510,92.671844,0.12820068,182.35695,275.0288,221.07664,Fall_North,Primary,194.5318,0.24219666,0.78343177,4.5562816,8.241056
511,92.99977,0.1385724,182.92308,275.92285,220.5665,Fall_North,Primary,195.13905,0.25231767,0.7877814,4.8705816,8.392272
512,94.28799,0.1405397,182.86696,277.15494,221.51254,Fall_North,Primary,195.74,0.26233333,0.792054,4.5177383,8.229323
513,93.194756,0.14375684,183.4627,276.65747,220.94926,Fall_North,Primary,196.34315,0.27238587,0.79631,4.5168915,8.538955
514,92.7628,0.137967,181.96619,274.72897,220.85971,Fall_North,Primary,196.9516,0.28252667,0.8005701,4.801035,8.609443
515,94.06814,0.14632192,182.55856,276.6267,221.29471,Fall_North,Primary,197.5588,0.29264668,0.80478764,4.4247255,7.442547
516,93.97505,0.15956078,182.76274,276.7378,221.08882,Fall_North,Primary,198.16493,0.30274898,0.8089637,4.309385,8.031214
517,92.851265,0.16275245,182.321,275.17227,221.032,Fall_North,Primary,198.7764,0.31294,0.81314135,4.6124606,7.9189024
518,91.89115,0.16221455,183.26225,275.1534,221.67775,Fall_North,Primary,199.3866,0.32311,0.81727487,4.2393775,7.1192913
519,92.94137,0.17509267,182.78967,275.73105,220.58452,Fall_North,Primary,199.99513,0.3332522,0.82136124,4.771152,10.175764
520,93.34214,0.17835803,182.42844,275.77057,220.83263,Fall_North,Primary,200.6098,0.34349668,0.825452,4.534114,7.8208017
521,92.89103,0.17061462,182.39525,275.2863,221.41231,Fall_North,Primary,201.2228,0.35371333,0.8294944,4.5409718,8.3268385
522,92.91049,0.20381674,182.52016,275.43063,220.62155,Fall_North,Primary,201.83392,0.36389866,0.83348686,5.05464,8.802211
523,94.4631,0.2004075,183.12106,277.58417,221.55698,Fall_North,Primary,202.451,0.37418333,0.8374797,4.515685,7.6122513
524,93.9921,0.20417936,182.11333,276.10544,221.19463,Fall_North,Primary,203.066,0.38443333,0.8414202,4.520448,8.229925
525,92.404854,0.21899755,181.96367,274.36853,220.40671,Fall_North,Primary,203.68594,0.39476565,0.8453525,5.2196217,8.722636
526,94.57199,0.22340855,182.69855,277.27054,221.4383,Fall_North,Primary,204.2998,0.40499666,0.8492064,4.5941844,7.589716
527,90.42503,0.26394632,182.49335,272.9184,220.2714,Fall_North,Primary,204.9153,0.41525504,0.8530304,5.5180383,11.600108
528,93.63268,0.2711408,182.74626,276.37894,220.68063,Fall_North,Primary,205.5364,0.42560667,0.8568478,5.370545,9.034799
529,92.87527,0.29741436,183.00243,275.8777,221.77495,Fall_North,Primary,206.156,0.43593332,0.86061424,4.2855206,7.7959323
530,90.23365,0.31457666,182.48726,272.7209,220.28038,Fall_North,Primary,206.7741,0.44623485,0.8643295,5.6105905,11.034179
531,93.84086,0.30351844,182.38187,276.22272,220.96698,Fall_North,Primary,207.3982,0.45663667,0.86803794,5.227793,8.079529
532,89.743706,0.307291,182.71198,272.4557,220.7273,Fall_North,Primary,208.0202,0.46700335,0.87169033,5.3031054,10.232008
533,93.20479,0.29087514,182.95917,276.16394,220.44516,Fall_North,Primary,208.64029,0.47733805,0.8752879,5.256555,8.211773
534,90.50035,0.2998347,184.31476,274.81512,221.80414,Fall_North,Primary,209.267,0.48778334,0.8788793,4.731745,7.392451
535,88.25335,0.31723666,184.03937,272.29272,221.14047,Fall_North,Primary,209.8914,0.49819,0.8824124,5.699164,11.055765
536,92.09462,0.27530828,183.05823,275.15283,220.57327,Fall_North,Primary,210.5204,0.50867325,0.8859255,5.766274,9.932646
537,90.58323,0.27781233,183.8532,274.43643,221.1363,Fall_North,Primary,211.1426,0.5190433,0.88935494,5.0339007,8.1880665
538,89.2848,0.35233724,183.27388,272.5587,220.05222,Fall_North,Primary,211.76726,0.52945435,0.8927517,6.504093,10.771691
539,92.80224,0.35611212,183.43408,276.23633,220.43828,Fall_North,Primary,212.3978,0.5399633,0.8961331,5.7081485,9.180541
540,91.15242,0.37000552,183.74037,274.8928,221.07448,Fall_North,Primary,213.0258,0.55043,0.8994532,4.944178,8.474679
541,92.52258,0.34453416,183.33366,275.85623,220.35864,Fall_North,Primary,213.65245,0.5608742,0.90271837,5.278083,8.75508
542,89.15206,0.3494567,182.59016,271.74222,220.74551,Fall_North,Primary,214.285,0.5714167,0.9059654,5.8404655,9.768278
543,88.40056,0.48299202,183.42004,271.8206,219.72278,Fall_North,Primary,214.9156,0.58192664,0.9091531,7.6266456,11.436398
544,90.66461,0.47491223,183.16344,273.82803,220.57063,Fall_North,Primary,215.54405,0.59240085,0.9122807,5.277344,8.925448
545,89.22442,0.51087016,183.30566,272.5301,220.10078,Fall_North,Primary,216.1788,0.60298,0.9153893,7.177532,12.78941
546,91.308304,0.56106365,183.57166,274.87994,221.47325,Fall_North,Primary,216.8118,0.61353,0.91843855,4.524967,8.444748
547,89.23479,0.57380974,184.39865,273.63342,220.44139,Fall_North,Primary,217.44864,0.62414396,0.9214547,4.700996,9.190073
548,92.62881,0.6010295,184.2074,276.8362,221.40096,Fall_North,Primary,218.079,0.63465,0.92438895,4.6101246,7.939442
549,91.94212,0.60711884,183.6016,275.5437,221.02216,Fall_North,Primary,218.714,0.64523333,0.9272929,4.4395394,7.8320913
550,92.445015,0.52406216,183.65056,276.09558,221.00078,Fall_North,Primary,219.35284,0.6558808,0.9301614,4.2671447,7.1484013
551,92.227684,0.5368903,184.42722,276.6549,221.76848,Fall_North,Primary,219.9852,0.66642,0.9329481,4.267838,7.38879
552,90.48812,0.26382834,184.30295,274.79108,221.72708,Fall_North,Primary,220.61903,0.67698383,0.93568844,4.4599476,7.4070067
553,90.328354,0.405083,183.65363,273.98196,220.71114,Fall_North,Primary,221.2588,0.6876467,0.9384003,5.991162,9.004337
554,88.30372,0.4216333,184.73158,273.0353,220.80574,Fall_North,Primary,221.8968,0.69828,0.9410503,5.3175273,8.502262
555,85.30703,0.5363877,184.921,270.22803,219.55875,Fall_North,Primary,222.53282,0.7088803,0.9436376,6.757933,12.426969
556,91.35427,0.53007,184.4395,275.79376,221.07396,Fall_North,Primary,223.1744,0.7195733,0.94619215,4.8163633,9.28365
557,88.924736,0.5394584,184.81699,273.7417,221.3295,Fall_North,Primary,223.814,0.7302333,0.9486831,4.1474295,6.946544
558,89.29657,0.53014284,184.88637,274.18292,220.60109,Fall_North,Primary,224.45142,0.7408569,0.95110995,4.5466833,7.6590257
559,86.331505,0.5306421,184.40807,270.73956,219.52652,Fall_North,Primary,225.0946,0.75157666,0.9535022,5.9774756,10.682883
560,86.932755,0.5307864,185.63568,272.56842,220.41489,Fall_North,Primary,225.7362,0.76227,0.9558315,5.9020634,9.886211
561,80.743614,0.5582466,186.09581,266.83942,218.79582,Fall_North,Primary,226.3821,0.7730349,0.9581188,6.2738748,12.1399355
562,86.89377,0.5236186,185.95999,272.85376,219.74464,Fall_North,Primary,227.0202,0.78367,0.96032125,6.0840135,10.216999
563,87.29991,0.5215811,186.12668,273.4266,220.88359,Fall_North,Primary,227.6602,0.7943367,0.962473,4.965226,9.68454
564,88.79954,0.5027295,186.10443,274.90396,221.15372,Fall_North,Primary,228.3064,0.80510664,0.9645869,4.4381876,8.379073
565,86.316605,0.5125996,187.1781,273.4947,221.4627,Fall_North,Primary,228.9504,0.81584,0.9666349,4.482641,7.245095
566,81.30002,0.56363404,187.2993,268.59933,211.27774,Fall_North,Primary,229.53448,0.8255747,0.96844137,5.7922554,10.878828
576,37.23687,0.87200123,233.66382,270.9007,258.96716,Fall_North,Primary,236.569,0.9428167,0.98632514,3.8929415,5.053794
577,82.36226,0.8297299,187.11307,269.47534,219.86545,Fall_North,Primary,236.80739,0.94678974,0.9868042,4.6046143,9.582833
578,83.60602,0.7731587,186.97133,270.57733,219.98773,Fall_North,Primary,237.3584,0.9559733,0.98787904,5.0093193,9.766766
579,80.69326,0.7839533,186.86699,267.56024,219.5066,Fall_North,Primary,238.0074,0.96679,0.9890872,5.2261915,9.23257
580,81.396095,0.833227,186.7842,268.1803,218.45,Fall_North,Primary,238.65437,0.9775729,0.9902291,6.0924664,10.321263
581,84.405975,0.8259146,186.39139,270.79736,219.79135,Fall_North,Primary,239.307,0.98845,0.99131775,5.278299,9.962011
582,83.33606,0.8118247,186.60146,269.9375,219.94176,Fall_North,Primary,239.957,0.9992833,0.9923386,4.7837577,9.918229
583,80.30825,0.46730015,186.54367,266.85193,218.69762,Fall_North,Primary,240.61095,0.9898177,0.9933017,5.58853,9.752001
584,81.68109,0.4447343,186.20116,267.88226,218.66571,Fall_North,Primary,241.2576,0.97904,0.9941908,5.6531587,9.574102
585,83.15231,0.5202267,186.65605,269.80838,224.56935,Fall_North,Primary,242.0388,0.96602,0.995181,4.2869263,7.484021
586,82.04,0.5314503,186.27643,268.31644,218.8315,Fall_North,Primary,242.56294,0.95728433,0.9957938,4.6782966,9.167928
587,80.77871,0.48710164,186.12926,266.90796,218.62772,Fall_North,Primary,243.2102,0.94649667,0.9964933,5.280288,9.556265
588,81.6358,0.49009156,185.48865,267.12445,218.08195,Fall_North,Primary,243.85896,0.93568385,0.9971308,5.428975,8.47873
589,79.65542,0.52200305,185.49782,265.15323,217.86057,Fall_North,Primary,244.5132,0.92478,0.99770916,6.1484237,9.5714
590,78.48304,0.6516581,184.65086,263.1339,216.93935,Fall_North,Primary,245.1646,0.9139233,0.9982205,7.4683204,10.804903
591,80.12373,0.70505714,183.9372,264.0609,216.1265,Fall_North,Primary,245.81357,0.9031072,0.99866587,7.1614227,10.788995
592,80.09409,0.61182564,184.25337,264.34744,216.69234,Fall_North,Primary,246.4682,0.89219666,0.9990504,6.585022,9.590675
593,78.346535,0.58102477,183.85135,262.19788,216.11559,Fall_North,Primary,247.1202,0.88133,0.99936855,7.6074767,11.06228
594,80.42142,0.5221934,184.0146,264.43604,215.88228,Fall_North,Primary,247.76956,0.87050724,0.9996212,6.9951944,11.242752
595,78.33913,0.43529487,184.81395,263.15308,216.35938,Fall_North,Primary,248.4242,0.85959667,0.99981093,7.372232,12.423816
596,77.75674,0.41656837,184.54503,262.30176,215.88919,Fall_North,Primary,249.0762,0.84873,0.99993503,8.136209,12.588731
597,80.79809,0.41060293,184.13495,264.93304,215.72974,Fall_North,Primary,249.73215,0.83779746,0.9999945,7.308895,10.958572
598,85.29626,0.5325636,184.18216,269.47842,217.688,Fall_North,Primary,250.3808,0.8269867,0.999989,5.439999,8.416049
599,84.872055,0.632975,184.61002,269.4821,217.95921,Fall_North,Primary,251.03056,0.8161572,0.9999191,4.9483914,9.039083
600,82.48041,0.6283691,184.0069,266.4873,217.17834,Fall_North,Primary,251.6852,0.80524665,0.99978375,5.838721,9.558003
601,84.148094,0.6425717,184.30492,268.453,217.64034,Fall_North,Primary,252.3372,0.79438,0.9995841,5.417564,9.544012
602,81.93844,0.6169481,183.98868,265.92712,216.76047,Fall_North,Primary,252.98657,0.78355724,0.99932086,5.6777015,9.480151
603,78.21867,0.5699976,184.61575,262.83444,216.02216,Fall_North,Primary,253.6418,0.77263665,0.9989903,7.6388307,12.490751
604,77.85364,0.64999586,183.17108,261.02472,215.07384,Fall_North,Primary,254.2942,0.76176333,0.9985964,8.477943,12.112817
605,78.31163,0.6544572,182.69432,261.00595,214.0788,Fall_North,Primary,254.94357,0.75094056,0.99814004,7.983553,11.834501
606,78.474106,0.6488492,182.74991,261.22403,215.02599,Fall_North,Primary,255.5976,0.74004,0.99761575,7.9439173,11.758127
607,77.03098,0.6451844,182.90602,259.937,214.48792,Fall_North,Primary,256.2492,0.72918,0.99702895,8.610927,11.436849
608,79.64722,0.5439185,182.62152,262.26874,214.04688,Fall_North,Primary,256.90515,0.7182475,0.9963733,8.094878,11.557852
609,82.381775,0.4279022,182.15793,264.5397,215.36803,Fall_North,Primary,257.5526,0.70745665,0.99566233,6.6694794,10.348676
610,80.68087,0.43166733,182.4358,263.11667,214.84839,Fall_North,Primary,258.20157,0.69664055,0.99488616,7.3023386,10.9083
611,78.40771,0.4741738,183.18973,261.5974,206.97801,Fall_North,Primary,258.7154,0.6880769,0.99422663,7.1709414,9.268336
618,80.30825,0.46423835,184.18216,264.43604,216.35938,Fall_North,Primary,263.35,0.61083335,0.9864889,6.9951944,10.348676
625,80.30825,0.44428968,184.18216,264.43604,216.35938,Fall_North,Primary,267.89,0.5351667,0.975824,6.9951944,10.348676
632,64.07264,0.59547865,201.48018,265.55283,242.32016,Winter_North,Primary,272.944,0.45093334,0.96044314,5.662223,8.275974
633,82.65062,0.5371866,181.26952,263.92014,214.54813,Winter_North,Primary,273.20462,0.4465899,0.9595518,6.55447,9.009458
634,81.28431,0.5650225,180.98204,262.26636,214.2728,Winter_North,Primary,273.7604,0.43732667,0.9576192,7.676263,12.349677
635,81.95294,0.56353194,181.1256,263.07852,214.0287,Winter_North,Primary,274.4012,0.42664662,0.9553375,7.328215,11.433487
636,80.70318,0.545164,181.60893,262.3121,211.31226,Winter_North,Primary,275.02744,0.4162093,0.95305264,6.9418926,10.61957
637,83.61398,0.55317146,180.94109,264.55508,209.60445,Winter_North,Primary,275.85428,0.40242857,0.949953,6.6109915,9.78373
638,86.38635,0.59511,180.73625,267.1226,214.76575,Winter_North,Primary,276.328,0.39453316,0.94813484,5.602067,8.175835
639,86.62264,0.46694866,181.04222,267.66486,215.8132,Winter_North,Primary,276.9722,0.38379666,0.9456133,4.8691278,9.171948
640,86.10369,0.49176827,181.18211,267.2858,215.32239,Winter_North,Primary,277.613,0.37311667,0.9430492,5.407271,9.134629
641,83.28754,0.441959,181.05414,264.34167,214.69106,Winter_North,Primary,278.25043,0.3624931,0.94044363,6.6924577,12.397147
642,83.168,0.43986547,180.46562,263.63364,214.764,Winter_North,Primary,278.893,0.35178334,0.9377618,7.3338366,13.129443
643,85.16514,0.4146188,180.16052,265.32565,215.2209,Winter_North,Primary,279.5324,0.34112668,0.93503857,6.29357,9.257871
644,83.44352,0.38294834,180.48311,263.92664,214.357,Winter_North,Primary,280.17465,0.33042222,0.9322486,6.7614775,10.74044
645,83.40885,0.3872862,180.09378,263.50262,214.46469,Winter_North,Primary,280.8088,0.31985334,0.9294406,7.037402,11.591973
646,84.141075,0.296336,179.95547,264.09656,214.23962,Winter_North,Primary,281.44363,0.3092729,0.9265769,6.813269,11.9317255
647,83.90514,0.22604606,180.13136,264.0365,214.45195,Winter_North,Primary,282.0826,0.29862332,0.9236416,7.521932,13.519421
648,81.30237,0.2996651,180.4909,261.79327,214.00174,Winter_North,Primary,282.7186,0.28802332,0.9206677,8.329229,13.951157
649,80.65556,0.33271542,180.49118,261.14673,213.3976,Winter_North,Primary,283.35144,0.2774761,0.9176571,8.168677,13.45187
650,83.933685,0.28723878,179.69658,263.63028,214.07428,Winter_North,Primary,283.989,0.26685,0.9145725,7.115402,12.214873
651,84.92167,0.2856539,180.38513,265.3068,214.51605,Winter_North,Primary,284.6234,0.25627667,0.9114522,6.7389274,11.984544
652,85.65423,0.35672566,180.14938,265.80362,214.70732,Winter_North,Primary,285.25424,0.24576263,0.9082994,5.8186545,9.453972
653,84.97123,0.37102085,180.2559,265.22714,214.96863,Winter_North,Primary,285.8892,0.23518,0.9050761,6.3614388,11.80784
654,83.1327,0.38302922,180.56058,263.69327,214.48244,Winter_North,Primary,286.5212,0.22464667,0.90181834,7.999525,14.369404
655,81.37859,0.38799,179.32025,260.69885,212.85197,Winter_North,Primary,287.15005,0.21416582,0.89852834,8.3820915,14.378999
656,82.66777,0.41069597,179.08849,261.75626,213.10464,Winter_North,Primary,287.7836,0.20360667,0.8951652,8.599182,14.401656
657,86.11419,0.43108663,179.6884,265.80258,214.56671,Winter_North,Primary,288.4134,0.19311,0.89177406,6.2311096,10.664739
658,87.21385,0.47299114,179.77757,266.99142,214.98048,Winter_North,Primary,289.0462,0.18256313,0.8883191,5.27681,9.51328
659,87.05147,0.47316548,180.00519,267.05667,215.72656,Winter_North,Primary,289.6714,0.17214334,0.88485914,5.146115,9.273467
660,86.62217,0.46981406,180.06447,266.68665,214.84071,Winter_North,Primary,290.29666,0.16172223,0.88135296,6.0322123,11.011165
661,85.10515,0.46679193,179.64758,264.75275,214.67226,Winter_North,Primary,290.9262,0.15123,0.877777,7.4935837,13.800512
662,83.202934,0.4589131,179.4681,262.67102,214.14384,Winter_North,Primary,291.5526,0.14079,0.8741735,8.255465,14.090542
663,84.7541,0.41101068,180.11415,264.86826,214.29561,Winter_North,Primary,292.17548,0.13040875,0.87054604,7.0341024,10.349862
664,85.91463,0.43541116,180.34032,266.25494,213.31387,Winter_North,Primary,292.72784,0.121202596,0.86729246,5.4079366,8.694639
665,85.68785,0.4107892,179.56476,265.2526,215.23012,Winter_North,Primary,293.4264,0.10956,0.863129,5.856888,11.747431
666,86.269005,0.36660436,179.67874,265.94775,214.84729,Winter_North,Primary,294.04727,0.09921195,0.85938317,5.972864,11.511407
667,86.72782,0.35630894,179.82314,266.55096,215.39752,Winter_North,Primary,294.6722,0.08879667,0.8555703,6.7129946,12.980436
668,83.848495,0.37994918,180.21707,264.06555,214.9965,Winter_North,Primary,295.2936,0.07844,0.851737,8.003972,15.366566
669,83.12926,0.3536628,180.13237,263.26163,214.33998,Winter_North,Primary,295.91776,0.068037376,0.8478451,7.9174037,14.737237
670,87.40357,0.34757167,179.75336,267.15692,215.18802,Winter_North,Primary,296.534,0.05776667,0.843962,6.5674615,10.783673
671,90.38169,0.40646192,179.71683,270.0985,216.39375,Winter_North,Primary,297.1503,0.047494948,0.8400387,4.555095,9.081219
672,90.290726,0.40463632,179.3784,269.66913,215.96193,Winter_North,Primary,297.7708,0.037153333,0.836049,5.8581944,12.672546
673,87.44078,0.42293102,180.19653,267.63733,216.1313,Winter_North,Primary,298.3882,0.026863333,0.83204013,5.3322024,9.567048
674,89.012794,0.42065495,179.27357,268.28638,214.8622,Winter_North,Primary,299.0021,0.016631482,0.8280156,6.050333,13.711591
675,84.01505,0.4203706,179.15202,263.16708,214.13512,Winter_North,Primary,299.62,0.0063333334,0.82392704,8.427538,16.964354
676,83.494385,0.41935587,178.85947,262.35385,214.11407,Winter_North,Primary,300.235,0.0,0.8198201,8.117431,14.834139
677,88.46077,0.42032573,179.0741,267.53488,214.46715,Winter_North,Primary,300.8463,0.0,0.8157013,6.29015,10.302216
678,88.476234,0.41807142,179.27016,267.7464,215.76692,Winter_North,Primary,301.4618,0.0,0.81151813,5.2589016,10.070474
679,87.32845,0.4102994,179.21535,266.5438,214.88902,Winter_North,Primary,302.0736,0.0,0.80732435,6.3224053,13.677075
680,87.26265,0.38805118,180.28755,267.5502,215.54938,Winter_North,Primary,302.6883,0.0,0.8030754,5.783425,10.099455
681,89.004944,0.38295323,178.99069,267.99564,215.22723,Winter_North,Primary,303.295,0.0,0.79884756,7.0633597,15.117746
682,10.478102,0.70000005,251.72183,262.19992,257.6449,Winter_North,Primary,303.539,0.0,0.79713774,9.741401,11.133797
683,81.06279,0.70000005,180.21495,261.27774,207.41809,Winter_North,Primary,304.75183,0.0,0.7885596,9.980044,15.235662
684,86.76252,0.70000005,178.81079,265.5733,214.6249,Winter_North,Primary,305.1202,0.0,0.78592837,6.7711573,10.908195
685,86.40625,0.70000005,179.10757,265.51382,206.93927,Winter_North,Primary,305.6419,0.0,0.7821818,5.319648,9.196079
686,85.52489,0.70000005,180.2088,266.69995,215.58427,Winter_North,Primary,306.29,0.0,0.7774948,5.628128,9.597756
687,85.52668,0.70000005,180.35289,265.87958,212.12128,Winter_North,Primary,307.04892,0.0,0.77196145,4.974775,8.29959
688,86.15752,0.70000005,179.86905,266.02658,214.7402,Winter_North,Primary,307.53897,0.0,0.768363,7.3398914,14.892151
689,84.78809,0.47462568,179.28761,264.0757,214.23622,Winter_North,Primary,308.1442,0.0,0.76389164,7.714122,15.216264
690,84.31919,0.413022,179.43137,263.75055,215.07123,Winter_North,Primary,308.7462,0.0,0.759415,7.3951297,13.516549
691,87.62653,0.41056705,179.47302,267.09955,214.84735,Winter_North,Primary,309.34457,0.0,0.7549369,6.3562803,12.948509
692,87.41479,0.34488362,179.52274,266.93753,215.47444,Winter_North,Primary,309.947,0.0,0.7504004,6.0564184,11.897409
693,87.26412,0.32779664,179.59972,266.86383,215.3758,Winter_North,Primary,310.5464,0.0,0.74585927,6.1042576,8.751203
694,87.56629,0.33332968,179.6587,267.225,215.74864,Winter_North,Primary,311.14844,0.0,0.74127114,4.7614574,9.258445
695,83.487495,0.3719244,183.19145,266.67896,214.21591,Winter_North,Primary,311.56897,0.0,0.7380503,4.7614574,9.258445
696,80.462364,0.4958917,186.89328,267.35565,235.60854,Winter_North,Primary,312.765,0.0,0.72882056,4.460031,7.1886477
697,86.92852,0.415451,179.83331,266.76184,214.25558,Winter_North,Primary,313.00357,0.0,0.72696745,6.1086617,13.532093
698,88.860756,0.4029196,179.32481,268.18558,216.07938,Winter_North,Primary,313.5274,0.0,0.7228849,4.622304,7.211977
699,89.22755,0.37682587,179.58658,268.81412,215.86823,Winter_North,Primary,314.1184,0.0,0.7182564,5.19802,13.402994
700,85.342834,0.3638133,179.56467,264.9075,206.81612,Winter_North,Primary,314.63843,0.0,0.7141646,5.464171,9.156161
701,89.027245,0.39614156,180.17557,269.20282,212.85704,Winter_North,Primary,315.33966,0.0,0.708619,4.1302705,7.0806704
702,90.863304,0.40293866,179.91357,270.7769,215.52527,Winter_North,Primary,315.89203,0.0,0.7042288,5.5366273,11.699904
703,88.30337,0.28779894,179.5469,267.85028,216.46562,Winter_North,Primary,316.4834,0.0,0.69950736,4.481037,8.256211
704,87.31937,0.24519026,181.4278,268.74716,217.36299,Winter_North,Primary,317.0718,0.0,0.69478863,4.5400276,7.3408365
705,85.71796,0.2565443,182.92633,268.6443,216.9489,Winter_North,Primary,317.66275,0.0,0.6900287,4.3304915,7.0340967
706,85.52309,0.2523321,182.44237,267.96545,217.77142,Winter_North,Primary,318.2456,0.0,0.68531436,4.8198075,8.703289
707,85.957726,0.20315334,182.85654,268.81427,217.40128,Winter_North,Primary,318.82864,0.0,0.6805793,5.40252,9.097406
708,42.654434,0.49665892,226.79095,269.44537,257.58466,Winter_North,Primary,319.065,0.0,0.6786543,3.7266796,5.23613
720,85.52489,0.5032805,180.2088,266.69995,215.58427,Winter_North,Extended_1,326.31,0.0,0.6183343,5.628128,9.597756
734,83.2447,0.5041891,182.09839,265.8037,216.38728,Winter_North,Extended_1,334.22,0.0,0.5503545,4.4344664,7.0868945
735,86.07146,0.54955816,181.40575,267.4772,211.39465,Winter_North,Extended_1,334.98273,0.0,0.5437281,3.498034,5.8692365
736,86.342255,0.5514587,181.70891,268.05115,217.30013,Winter_North,Extended_1,335.3716,0.0,0.5403465,4.2207046,7.478271
737,84.419556,0.56539106,181.31699,265.73654,215.51598,Winter_North,Extended_1,335.9264,0.0,0.53551894,5.276105,8.041042
738,84.76288,0.5428685,181.08745,265.85034,215.7215,Winter_North,Extended_1,336.47815,0.0,0.5307145,4.2106323,7.46905
739,86.58898,0.26546547,181.36386,267.95285,216.10213,Winter_North,Extended_1,337.0338,0.0,0.5258734,4.898024,7.7126904
740,76.79335,0.3415879,191.32161,268.11496,225.76375,Winter_North,Extended_1,337.255,0.0,0.5239455,2.9008613,4.767655
754,83.2447,0.3415879,182.09839,265.8037,216.38728,Winter_North,Extended_1,345.18,0.0,0.45485753,4.4344664,7.0868945
761,83.2447,0.30783814,182.09839,265.8037,216.38728,Winter_North,Extended_1,348.93,0.0,0.42238617,4.4344664,7.0868945
775,83.2447,0.30802178,182.09839,265.8037,216.38728,Winter_North,Extended_1,356.28,0.0,0.35983416,4.4344664,7.0868945
788,81.99962,0.27356267,179.42984,261.20413,214.72742,Spring_North,Extended_1,2.96,0.0,0.3049558,4.09965,6.759033
802,81.99962,0.2757722,179.42984,261.20413,214.72742,Spring_North,Extended_1,10.0,0.0,0.25,4.09965,6.759033
816,81.99962,0.25147176,179.42984,261.20413,214.72742,Spring_North,Extended_1,16.89,0.0,0.19985968,4.09965,6.759033
822,81.99962,0.07437104,179.42984,261.20413,214.72742,Spring_North,Extended_1,19.81,0.0,0.17987812,4.09965,6.759033
829,81.99962,0.06789116,179.42984,261.20413,214.72742,Spring_North,Extended_1,23.18,0.0,0.1578537,4.09965,6.759033
836,81.99962,0.05258827,179.42984,261.20413,214.72742,Spring_North,Extended_1,26.52,0.0,0.1371927,4.09965,6.759033
843,81.99962,0.0,179.42984,261.20413,214.72742,Spring_North,Extended_1,29.83,0.0,0.11793306,4.09965,6.759033
850,77.81346,0.023096707,177.40372,255.30688,212.09535,Spring_North,Extended_1,33.12,0.0,0.1000529,4.1213393,8.338999
856,77.81346,0.029817719,177.40372,255.30688,212.09535,Spring_North,Extended_1,35.92,0.0,0.08587201,4.1213393,8.338999
863,77.81346,0.032663677,177.40372,255.30688,212.09535,Spring_North,Extended_1,39.17,0.0,0.07065416,4.1213393,8.338999
870,77.81346,0.032663677,177.40372,255.30688,212.09535,Spring_North,Extended_1,42.4,0.0,0.05689821,4.1213393,8.338999
877,77.81346,0.029817719,177.40372,255.30688,212.09535,Spring_North,Extended_1,45.61,0.0,0.044622127,4.1213393,8.338999
884,77.81346,0.023096707,177.40372,255.30688,212.09535,Spring_North,Extended_1,48.8,0.0,0.0338381,4.1213393,8.338999
891,77.81346,0.0,177.40372,255.30688,212.09535,Spring_North,Extended_1,51.98,0.0,0.024525704,4.1213393,8.338999
897,77.81346,0.0,177.40372,255.30688,212.09535,Spring_North,Extended_1,54.7,0.0,0.017721292,4.1213393,8.338999
904,77.81346,0.0,177.40372,255.30688,212.09535,Spring_North,Extended_1,57.86,0.0,0.011181671,4.1213393,8.338999
911,76.49963,0.04905698,176.19646,252.76813,209.1541,Spring_North,Extended_1,61.01,0.0,0.0061421855,4.341922,9.271908
918,76.49963,0.06333229,176.19646,252.76813,209.1541,Spring_North,Extended_1,64.16,0.0,0.002595042,4.341922,9.271908
925,76.49963,0.06937705,176.19646,252.76813,209.1541,Spring_North,Extended_1,67.3,0.0,0.0005550625,4.341922,9.271908
938,76.49963,0.06937705,176.19646,252.76813,209.1541,Spring_North,Extended_1,73.13,0.0,0.00074589107,4.341922,9.271908
952,76.49963,0.06333229,176.19646,252.76813,209.1541,Spring_North,Extended_1,79.41,0.0,0.0067281798,4.341922,9.271908
965,76.49963,0.04905698,176.19646,252.76813,209.1541,Spring_North,Extended_1,85.26,0.0,0.0176293,4.341922,9.271908
979,79.16891,0.047443885,176.10469,255.30931,210.92671,Summer_North,Extended_1,91.6,0.0,0.03511176,4.6258616,10.48279
993,79.16891,0.061249793,176.10469,255.30931,210.92671,Summer_North,Extended_1,97.99,0.0,0.05848524,4.6258616,10.48279
1010,79.16891,0.06709579,176.10469,255.30931,210.92671,Summer_North,Extended_1,105.83,0.0,0.094621286,4.6258616,10.48279
1033,79.16891,0.06709579,176.10469,255.30931,210.92671,Summer_North,Extended_1,116.65,0.0,0.1567734,4.6258616,10.48279
1047,84.25001,0.12399307,178.94522,263.74744,214.71347,Summer_North,Extended_1,123.38,0.0,0.20174746,5.1628985,11.4129715
1061,84.25001,0.1401897,178.94522,263.74744,214.71347,Summer_North,Extended_2+,130.23,0.0,0.25174025,5.1628985,11.4129715
1074,84.25001,0.13169122,178.94522,263.74744,214.71347,Summer_North,Extended_2+,136.72,0.0,0.30238757,5.1628985,11.4129715
1088,84.25001,0.13169122,178.94522,263.74744,214.71347,Summer_North,Extended_2+,143.86,0.0,0.36100733,5.1628985,11.4129715
1108,89.466095,0.15127687,181.63692,270.90042,218.66289,Summer_North,Extended_2+,154.35,0.0,0.4507743,5.4470897,10.959052
1115,89.466095,0.1410887,181.63692,270.90042,218.66289,Summer_North,Extended_2+,158.1,0.0,0.4834224,5.4470897,10.959052
1129,89.466095,0.09114813,181.63692,270.90042,218.66289,Summer_North,Extended_2+,165.76,0.0,0.55018085,5.4470897,10.959052
1136,89.466095,0.09114813,181.63692,270.90042,218.66289,Summer_North,Extended_2+,169.66,0.0,0.5839006,5.4470897,10.959052
1143,89.466095,0.08320648,181.63692,270.90042,218.66289,Summer_North,Extended_2+,173.61,0.0,0.6176559,5.4470897,10.959052
1156,92.974144,0.1415529,182.41183,275.25244,220.73982,Fall_North,Extended_2+,181.07,0.017833333,0.67975414,4.6111465,8.030844
1170,92.974144,0.19518991,182.41183,275.25244,220.73982,Fall_North,Extended_2+,189.3,0.155,0.74469125,4.6111465,8.030844
1183,92.974144,0.24843165,182.41183,275.25244,220.73982,Fall_North,Extended_2+,197.11,0.28516668,0.8016736,4.6111465,8.030844
1197,92.974144,0.29138166,182.41183,275.25244,220.73982,Fall_North,Extended_2+,205.7,0.42833334,0.8578464,4.6111465,8.030844
1211,89.0384,0.31954306,184.43336,273.46063,220.57196,Fall_North,Extended_2+,214.45,0.57416666,0.9068042,5.130046,9.211322
1224,89.0384,0.3390933,184.43336,273.46063,220.57196,Fall_North,Extended_2+,222.71,0.71183336,0.94434863,5.130046,9.211322
1231,89.0384,0.32468778,184.43336,273.46063,220.57196,Fall_North,Extended_2+,227.19,0.7865,0.96089774,5.130046,9.211322
1238,89.0384,0.3472378,184.43336,273.46063,220.57196,Fall_North,Extended_2+,231.7,0.8616667,0.9747127,5.130046,9.211322
1252,80.30825,0.58256924,184.18216,264.43604,216.35938,Fall_North,Extended_2+,240.79,0.98683333,0.9935542,6.9951944,10.348676
1265,80.30825,0.603229,184.18216,264.43604,216.35938,Fall_North,Extended_2+,249.26,0.84566665,0.9999583,6.9951944,10.348676
1279,80.30825,0.5668214,184.18216,264.43604,216.35938,Fall_North,Extended_2+,258.39,0.6935,0.99464893,6.9951944,10.348676
1292,80.30825,0.5245214,184.18216,264.43604,216.35938,Fall_North,Extended_2+,266.85,0.5525,0.97853345,6.9951944,10.348676
1306,84.447586,0.44647846,180.14088,264.8105,214.61949,Winter_North,Extended_2+,275.89,0.40183333,0.949817,6.702726,11.669703
1320,84.447586,0.33058318,180.14088,264.8105,214.61949,Winter_North,Extended_2+,284.83,0.25283334,0.9104251,6.702726,11.669703
1333,84.447586,0.10311274,180.14088,264.8105,214.61949,Winter_North,Extended_2+,293.01,0.1165,0.86561733,6.702726,11.669703
1347,85.52489,0.16959861,180.2088,266.69995,215.58427,Winter_North,Extended_2+,301.67,0.0,0.81009495,5.628128,9.597756
1361,85.52489,0.2029731,180.2088,266.69995,215.58427,Winter_North,Extended_2+,310.15,0.0,0.74886554,5.628128,9.597756
1374,85.52489,0.20886205,180.2088,266.69995,215.58427,Winter_North,Extended_2+,317.86,0.0,0.6884355,5.628128,9.597756
1388,85.52489,0.19057576,180.2088,266.69995,215.58427,Winter_North,Extended_2+,325.98,0.0,0.6211303,5.628128,9.597756
1401,83.2447,0.2556259,182.09839,265.8037,216.38728,Winter_North,Extended_2+,333.34,0.0,0.55798864,4.4344664,7.0868945
1415,83.2447,0.26030985,182.09839,265.8037,216.38728,Winter_North,Extended_2+,341.07,0.0,0.49066302,4.4344664,7.0868945
1429,83.2447,0.20872772,182.09839,265.8037,216.38728,Winter_North,Extended_2+,348.62,0.0,0.42505977,4.4344664,7.0868945
