category,column_count,primary_purpose,key_insights
Original,10,Base mission data and timestamps,Temporal context for all activities
Mission_Phase,3,Mission lifecycle and aging factors,Mission evolution over 4+ years
Activity_Complexity,4,Activity difficulty and resource requirements,Resource planning and complexity trends
Equipment,7,Instrument usage and co-dependencies,Equipment reliability and usage patterns
Classification,9,Activity type and operational status,Problem identification and categorization
Operational,4,Real-time operational metrics,Operational tempo and efficiency
Weather,6,Environmental conditions and correlations,Environmental impact on operations
Temporal,4,Mars seasonal and thermal effects,Mars seasonal effects on mission
Timeline,7,Historical usage and future planning,Learning curves and milestone tracking
