latitude,longitude,instrument,seasonal_longitude,seasonal_bin,sol_range_start,sol_range_end,median_sol,reliability_score,power_reliability,routine_ratio,complexity_score,complexity_std,sample_count,reliability_std,mission_age_factor,systems_involved,operational_tempo,science_activity_rate,maintenance_activity_rate,recovery_activity_rate,movement_required_rate,power_intensive_rate,temperature_celsius,wind_speed_variability,weather_data_quality,seasonal_intensity_factor,orbital_thermal_factor,diurnal_thermal_factor,combined_thermal_stress
48.867,7.5,IDA,7.5,0,5,106,30,0.98,0.9759,0.7337,0.26,0.0959,8,0.0343,0.0,3.0,0.88,0.6888,0.3816,0.0002,0.6969,0.447,-84.8,0.13,13.0,0.84,0.15,1.47,-999.0
43.041,22.5,IDA,22.5,1,64,168,90,0.9697,0.9466,0.6139,0.5645,0.0671,11,0.0213,0.12,3.8,1.59,0.5542,0.1048,0.0462,0.3964,0.4733,-55.8,0.34,11.0,0.49,0.93,0.81,-999.0
50.705,37.5,IDA,37.5,2,122,229,150,0.9159,0.9179,0.8684,0.5587,0.1422,12,0.077,0.25,2.6,2.15,0.7378,0.3242,0.1079,0.5347,0.5861,-75.3,0.51,7.0,0.23,0.57,0.77,-999.0
46.766,52.5,IDA,52.5,3,187,289,210,0.9578,0.9782,0.6348,0.7179,0.1123,6,0.0295,0.38,2.1,1.74,0.6664,0.2774,0.0549,0.5245,0.3532,-55.3,1.11,9.0,0.61,0.14,1.15,-999.0
51.596,67.5,IDA,67.5,4,241,343,270,0.8084,0.7999,0.769,0.6173,0.0639,11,0.061,0.5,3.3,1.12,0.4308,0.1869,0.0322,0.6719,0.5232,-54.5,1.23,8.0,1.63,0.69,1.27,1.14
43.785,82.5,IDA,82.5,5,304,408,330,0.8267,0.8157,0.6914,0.2988,0.1034,9,0.0892,0.62,1.8,1.14,0.4673,0.1656,0.1116,0.4615,0.226,-999.0,0.45,15.0,1.34,0.26,1.5,-999.0
37.218,97.5,IDA,97.5,6,361,460,390,0.7972,0.8075,0.6719,0.2869,0.0989,10,0.0442,0.75,3.0,1.87,0.4951,0.3185,0.0736,0.5529,0.4534,-81.8,1.27,10.0,0.5,0.14,1.01,0.53
47.42,112.5,IDA,112.5,7,424,528,450,0.6851,0.6871,0.8073,0.432,0.1437,5,0.0876,0.88,3.2,1.09,0.6166,0.3087,0.0457,0.37,0.5929,-75.9,1.49,19.0,1.09,1.07,0.53,-999.0
50.939,127.5,IDA,127.5,8,486,587,510,0.7695,0.7836,0.8663,0.7106,0.1436,8,0.1099,1.0,2.8,0.81,0.4406,0.2991,0.001,0.3643,0.4195,-62.2,0.41,16.0,0.58,0.46,1.2,2.2
38.228,142.5,IDA,142.5,9,543,645,570,0.7421,0.799,0.6796,0.3464,0.1473,17,0.0687,1.12,3.7,1.41,0.54,0.2935,0.1338,0.6457,0.2921,-65.0,1.18,6.0,1.79,0.62,0.64,2.0
45.879,157.5,IDA,157.5,10,603,700,630,0.675,0.6853,0.6226,0.3834,0.0691,5,0.0517,1.25,1.5,1.58,0.7745,0.3088,0.114,0.3389,0.446,-80.1,0.83,18.0,1.39,0.87,1.14,1.09
51.118,172.5,IDA,172.5,11,667,768,690,0.697,0.7124,0.7884,0.3166,0.0571,18,0.0996,1.38,3.7,1.27,0.5502,0.1282,0.1157,0.3144,0.3862,-75.0,0.93,5.0,0.26,1.0,0.73,-999.0
40.264,-172.5,IDA,187.5,12,725,826,750,0.7493,0.7532,0.6256,0.231,0.1031,19,0.09,1.5,1.4,0.99,0.7878,0.3144,0.0082,0.4595,0.3734,-76.2,0.36,6.0,0.89,0.86,0.37,1.38
39.714,-157.5,IDA,202.5,13,785,880,810,0.6655,0.6593,0.8865,0.6427,0.1054,7,0.0448,1.62,2.1,1.86,0.4058,0.1348,0.0092,0.3163,0.5422,-68.4,0.24,12.0,0.96,0.29,0.82,1.73
42.91,-142.5,IDA,217.5,14,843,949,870,0.679,0.6829,0.7503,0.5236,0.1184,20,0.0271,1.75,2.9,0.84,0.6343,0.3821,0.1151,0.4553,0.4573,-65.9,1.42,11.0,1.74,1.1,0.53,-999.0
37.853,-127.5,IDA,232.5,15,908,1009,930,0.7427,0.7241,0.8045,0.4044,0.0761,11,0.0318,1.88,3.1,1.68,0.751,0.3205,0.1607,0.4128,0.271,-56.8,1.49,11.0,0.8,0.95,0.71,2.22
49.242,-112.5,IDA,247.5,16,969,1060,990,0.8402,0.8271,0.7603,0.4979,0.089,17,0.1096,2.0,2.2,0.82,0.7622,0.1274,0.0639,0.68,0.5802,-62.9,0.73,9.0,0.73,0.84,1.2,2.08
37.626,-97.5,IDA,262.5,17,1025,1122,1050,0.7998,0.7729,0.8663,0.4105,0.0617,16,0.0888,2.12,3.5,2.01,0.7354,0.2278,0.0445,0.4587,0.5568,-999.0,0.82,8.0,1.13,1.05,1.36,-999.0
42.504,-82.5,IDA,277.5,18,1083,1185,1110,0.8489,0.8737,0.8115,0.3492,0.083,7,0.0454,2.25,2.2,1.6,0.6964,0.3302,0.1646,0.5977,0.4724,-999.0,0.66,12.0,0.33,0.68,0.82,2.46
37.39,-67.5,IDA,292.5,19,1145,1244,1170,0.7826,0.8005,0.6759,0.6172,0.0575,19,0.0829,2.38,3.1,1.44,0.651,0.2753,0.1802,0.3182,0.3124,-53.8,0.74,14.0,0.64,0.31,0.86,1.67
50.23,-52.5,IDA,307.5,20,1203,1305,1230,0.8157,0.8266,0.8849,0.6354,0.1113,6,0.0283,2.5,3.6,1.57,0.4659,0.2234,0.1555,0.4921,0.5941,-58.8,0.65,17.0,1.11,0.17,0.34,-999.0
49.165,-37.5,IDA,322.5,21,1263,1364,1290,0.9561,1.0,0.7755,0.6357,0.1257,23,0.0447,2.62,2.4,0.98,0.7816,0.2819,0.0457,0.5687,0.4473,-81.0,1.04,13.0,1.44,0.67,1.32,1.62
38.9,-22.5,IDA,337.5,22,1327,1424,1350,0.9461,0.9753,0.7861,0.6224,0.0713,10,0.0817,2.75,3.9,1.65,0.6547,0.2664,0.0182,0.5906,0.419,-53.1,0.52,13.0,1.32,0.98,0.85,2.04
40.152,-7.5,IDA,352.5,23,1383,1488,1410,0.8926,0.9287,0.738,0.5509,0.09,20,0.0841,2.88,1.5,1.28,0.7587,0.2422,0.1335,0.3689,0.2769,-999.0,0.34,9.0,0.48,0.2,0.44,0.91
17.539,7.5,HP3,7.5,0,9,109,30,0.679,0.6105,0.8398,0.5767,0.0582,15,0.1121,0.0,1.2,1.19,0.7225,0.3245,0.0369,0.3837,0.3482,-63.4,0.62,12.0,1.4,0.14,0.6,2.29
9.762,22.5,HP3,22.5,1,66,162,90,0.8805,0.9141,0.7191,0.2629,0.1237,14,0.0764,0.12,3.5,0.92,0.6141,0.17,0.0686,0.4896,0.342,-68.2,0.92,16.0,1.09,0.75,0.98,1.17
11.591,37.5,HP3,37.5,2,126,224,150,0.7831,0.8082,0.8801,0.2045,0.0725,10,0.0446,0.25,1.5,1.06,0.514,0.152,0.1794,0.3321,0.4098,-50.6,0.26,11.0,1.75,1.05,1.28,-999.0
20.725,52.5,HP3,52.5,3,188,289,210,0.8337,0.8044,0.684,0.6617,0.0687,8,0.0625,0.38,2.5,1.14,0.4459,0.2832,0.0577,0.5325,0.2617,-66.4,0.17,10.0,0.42,0.17,1.49,2.12
18.47,67.5,HP3,67.5,4,248,345,270,0.8766,0.8427,0.7236,0.4093,0.143,16,0.0609,0.5,3.8,2.19,0.482,0.2138,0.1853,0.5886,0.2192,-56.0,1.15,17.0,1.52,0.31,0.58,2.32
17.44,82.5,HP3,82.5,5,308,406,330,0.8893,0.8381,0.8141,0.7398,0.1124,5,0.0948,0.62,2.5,1.13,0.7598,0.2152,0.1087,0.6626,0.4497,-999.0,1.42,14.0,0.74,0.25,1.25,1.57
10.356,97.5,HP3,97.5,6,361,464,390,0.8574,0.8648,0.8336,0.2859,0.0705,6,0.0962,0.75,3.6,1.28,0.7285,0.1332,0.1693,0.351,0.3589,-79.8,0.42,16.0,1.35,0.81,1.13,1.0
20.446,112.5,HP3,112.5,7,426,525,450,0.7819,0.7665,0.7203,0.4772,0.1447,16,0.1112,0.88,1.4,0.94,0.5024,0.3178,0.1186,0.3409,0.5675,-84.2,1.01,17.0,0.8,0.18,0.39,-999.0
10.54,127.5,HP3,127.5,8,484,585,510,0.7922,0.7781,0.8512,0.3993,0.0811,23,0.0791,1.0,2.2,0.88,0.5341,0.3409,0.0009,0.4334,0.3593,-52.8,0.58,10.0,1.38,0.6,0.57,0.78
13.919,142.5,HP3,142.5,9,548,640,570,0.7714,0.7318,0.7087,0.5484,0.1132,22,0.0864,1.12,1.5,2.15,0.4595,0.2244,0.0171,0.6987,0.4009,-82.7,1.15,8.0,1.64,0.33,0.53,-999.0
9.209,157.5,HP3,157.5,10,603,701,630,0.855,0.8218,0.7573,0.4645,0.0901,10,0.0965,1.25,1.3,1.27,0.4302,0.326,0.0545,0.659,0.4106,-50.7,1.28,18.0,0.85,0.71,0.6,-999.0
12.857,172.5,HP3,172.5,11,665,762,690,0.8047,0.8091,0.8662,0.534,0.1221,7,0.0443,1.38,3.2,2.0,0.7321,0.2192,0.1336,0.382,0.3173,-84.5,0.22,8.0,0.24,0.3,1.0,2.29
11.792,-172.5,HP3,187.5,12,722,822,750,0.5978,0.6292,0.7771,0.3608,0.1124,10,0.0974,1.5,2.1,2.01,0.4878,0.3924,0.156,0.3457,0.4263,-68.5,0.35,12.0,1.02,0.92,1.14,0.94
10.097,-157.5,HP3,202.5,13,782,886,810,0.5234,0.579,0.805,0.6936,0.103,14,0.0777,1.62,1.8,1.58,0.6606,0.3489,0.0413,0.3044,0.2548,-54.4,0.94,14.0,1.26,0.29,1.4,1.27
10.55,-142.5,HP3,217.5,14,841,942,870,0.497,0.4978,0.6271,0.6626,0.0568,15,0.0489,1.75,2.1,1.81,0.5188,0.2699,0.0952,0.5655,0.5747,-77.5,0.14,9.0,1.15,0.16,0.9,1.17
9.335,-127.5,HP3,232.5,15,901,1000,930,0.4737,0.481,0.7486,0.613,0.0935,11,0.0276,1.88,1.2,0.8,0.7871,0.1016,0.0206,0.4258,0.523,-57.3,1.07,13.0,0.34,1.15,1.21,2.02
21.408,-112.5,HP3,247.5,16,962,1068,990,0.5071,0.5481,0.794,0.6159,0.0552,19,0.0244,2.0,2.8,2.2,0.6223,0.242,0.0626,0.3482,0.4924,-999.0,0.26,11.0,1.47,0.92,0.37,1.54
13.196,-97.5,HP3,262.5,17,1022,1122,1050,0.5191,0.558,0.8089,0.4039,0.1225,16,0.0772,2.12,3.4,1.55,0.6647,0.3214,0.104,0.4707,0.5507,-68.8,1.49,5.0,0.5,0.52,1.42,-999.0
11.956,-82.5,HP3,277.5,18,1089,1189,1110,0.5816,0.5621,0.6275,0.4018,0.1023,5,0.0439,2.25,1.3,1.3,0.5149,0.1889,0.0467,0.3168,0.2071,-70.0,0.64,15.0,0.55,1.14,1.24,-999.0
20.93,-67.5,HP3,292.5,19,1142,1248,1170,0.5144,0.508,0.823,0.239,0.0902,23,0.0713,2.38,1.7,1.05,0.4882,0.1559,0.1559,0.4401,0.2231,-54.1,1.4,20.0,0.48,0.54,1.21,0.81
11.318,-52.5,HP3,307.5,20,1209,1308,1230,0.4637,0.4827,0.8685,0.7161,0.0957,7,0.0473,2.5,2.4,0.86,0.7409,0.1106,0.0658,0.6726,0.4941,-999.0,0.45,5.0,1.31,0.15,0.94,0.72
15.951,-37.5,HP3,322.5,21,1268,1361,1290,0.5736,0.5747,0.7631,0.7187,0.1234,23,0.1068,2.62,1.7,1.02,0.4642,0.2002,0.0477,0.672,0.2423,-78.4,1.33,19.0,0.94,1.07,0.31,0.96
11.783,-22.5,HP3,337.5,22,1322,1420,1350,0.6518,0.6621,0.768,0.2695,0.0877,17,0.098,2.75,1.3,1.87,0.6165,0.3889,0.0684,0.553,0.5728,-999.0,1.41,15.0,0.31,0.43,1.15,-999.0
16.612,-7.5,HP3,352.5,23,1382,1481,1410,0.5334,0.5623,0.897,0.6056,0.0946,7,0.0794,2.88,2.2,0.89,0.7286,0.2116,0.1638,0.401,0.2004,-999.0,0.76,19.0,0.36,1.04,0.93,1.1
-18.599,7.5,SEIS,7.5,0,3,100,30,0.9728,0.9901,0.889,0.2188,0.1231,19,0.062,0.0,2.9,1.36,0.5097,0.3952,0.0819,0.6576,0.292,-999.0,0.14,15.0,0.79,1.05,0.87,0.87
-11.388,22.5,SEIS,22.5,1,62,163,90,0.9633,0.977,0.6054,0.6781,0.0794,7,0.0385,0.12,2.4,0.8,0.6393,0.2822,0.0495,0.5234,0.2902,-999.0,1.01,10.0,1.14,0.58,1.48,-999.0
-16.393,37.5,SEIS,37.5,2,126,228,150,0.98,0.9684,0.858,0.6679,0.054,23,0.0305,0.25,1.7,2.18,0.457,0.2497,0.1236,0.581,0.4239,-999.0,0.56,13.0,0.34,0.49,0.34,-999.0
-14.099,52.5,SEIS,52.5,3,182,281,210,0.8804,0.8719,0.6124,0.6022,0.1452,7,0.1096,0.38,2.8,1.66,0.6452,0.1897,0.187,0.6789,0.4501,-63.6,0.78,15.0,1.08,0.76,1.24,0.58
-12.002,67.5,SEIS,67.5,4,247,348,270,0.908,0.8716,0.8615,0.3315,0.1476,8,0.0944,0.5,3.6,1.41,0.4175,0.1485,0.0042,0.5613,0.3329,-67.7,0.21,11.0,0.55,0.56,0.54,0.85
-10.383,82.5,SEIS,82.5,5,305,403,330,0.9019,0.917,0.8206,0.6606,0.1005,22,0.1067,0.62,2.7,1.41,0.6901,0.246,0.1747,0.6603,0.3687,-999.0,0.93,19.0,0.54,0.79,1.06,0.76
-19.271,97.5,SEIS,97.5,6,362,466,390,0.9182,0.926,0.7239,0.2415,0.0937,19,0.0793,0.75,2.7,1.73,0.4381,0.2956,0.0624,0.4596,0.5432,-999.0,0.92,14.0,0.83,0.36,0.58,1.38
-12.741,112.5,SEIS,112.5,7,429,520,450,0.8513,0.7927,0.7348,0.5527,0.1449,24,0.0579,0.88,2.8,1.3,0.6134,0.3345,0.1411,0.4785,0.5457,-66.1,0.15,20.0,0.4,0.35,0.36,0.95
-12.491,127.5,SEIS,127.5,8,484,584,510,0.8791,0.8523,0.744,0.6116,0.0517,22,0.1173,1.0,2.7,1.16,0.6087,0.2028,0.1064,0.3503,0.2531,-999.0,1.42,16.0,0.46,0.31,1.18,-999.0
-8.618,142.5,SEIS,142.5,9,542,641,570,0.9006,0.864,0.7854,0.7213,0.1071,16,0.0313,1.12,3.4,2.09,0.6402,0.3823,0.1654,0.5668,0.4309,-79.4,0.95,10.0,1.59,1.19,1.2,-999.0
-12.993,157.5,SEIS,157.5,10,606,703,630,0.8236,0.8138,0.8003,0.6847,0.1262,13,0.0517,1.25,3.6,1.33,0.5187,0.2947,0.0657,0.5521,0.4439,-71.7,0.87,14.0,1.07,0.59,0.32,0.84
-14.994,172.5,SEIS,172.5,11,665,769,690,0.9139,0.9348,0.8854,0.7083,0.1414,16,0.0349,1.38,2.6,1.14,0.5907,0.2183,0.1099,0.5988,0.4862,-56.2,0.7,18.0,0.31,1.15,1.09,0.89
-19.449,-172.5,SEIS,187.5,12,724,824,750,0.7806,0.7777,0.6855,0.3844,0.1303,7,0.0781,1.5,1.3,1.8,0.56,0.393,0.1646,0.509,0.2493,-57.0,0.36,9.0,1.47,0.3,1.4,0.67
-14.647,-157.5,SEIS,202.5,13,787,885,810,0.8307,0.8653,0.8458,0.7305,0.0728,13,0.0847,1.62,1.5,1.31,0.7624,0.331,0.1113,0.4023,0.3208,-55.2,1.04,17.0,1.43,0.26,0.81,-999.0
-15.361,-142.5,SEIS,217.5,14,845,940,870,0.8855,0.8747,0.6535,0.3874,0.073,11,0.0747,1.75,1.7,1.35,0.6378,0.249,0.1976,0.3546,0.4781,-70.0,1.1,15.0,1.79,0.24,0.42,1.66
-20.525,-127.5,SEIS,232.5,15,901,1003,930,0.8506,0.8445,0.6576,0.394,0.0727,13,0.0817,1.88,2.3,1.96,0.6678,0.121,0.128,0.4085,0.4371,-76.9,0.74,8.0,0.28,0.52,0.74,1.39
-20.483,-112.5,SEIS,247.5,16,965,1068,990,0.9243,0.8704,0.6511,0.4457,0.0923,20,0.0201,2.0,1.9,2.17,0.59,0.2148,0.024,0.6897,0.208,-58.1,0.44,15.0,0.35,0.38,1.25,1.72
-20.825,-97.5,SEIS,262.5,17,1024,1120,1050,0.8316,0.8323,0.6682,0.405,0.0881,6,0.1137,2.12,2.7,1.23,0.5588,0.2342,0.1201,0.5063,0.5678,-50.3,1.29,8.0,1.69,0.23,1.28,2.26
-11.133,-82.5,SEIS,277.5,18,1084,1188,1110,0.9199,0.9295,0.6968,0.2137,0.0654,7,0.0546,2.25,3.9,1.7,0.729,0.1398,0.1724,0.6691,0.3948,-58.2,0.34,13.0,0.84,0.26,0.74,-999.0
-8.789,-67.5,SEIS,292.5,19,1144,1241,1170,0.922,0.9379,0.6833,0.7109,0.05,15,0.082,2.38,3.0,1.01,0.4245,0.3342,0.092,0.3233,0.5979,-999.0,1.07,20.0,0.58,0.26,0.45,0.7
-14.874,-52.5,SEIS,307.5,20,1207,1307,1230,0.911,0.9161,0.8442,0.5691,0.0806,24,0.0856,2.5,3.5,1.81,0.7168,0.2214,0.1308,0.4417,0.4102,-78.8,0.64,19.0,0.6,0.25,0.8,1.66
-13.414,-37.5,SEIS,322.5,21,1265,1369,1290,0.89,0.9074,0.6724,0.7855,0.1302,17,0.0243,2.62,2.1,1.17,0.6584,0.2498,0.0532,0.3597,0.2509,-76.5,1.01,17.0,1.18,1.05,0.77,0.77
-9.096,-22.5,SEIS,337.5,22,1322,1420,1350,0.9608,0.9388,0.8523,0.2231,0.1402,15,0.0695,2.75,2.2,1.43,0.4908,0.3668,0.0901,0.653,0.2423,-69.5,0.17,6.0,1.39,0.82,1.26,-999.0
-16.499,-7.5,SEIS,352.5,23,1384,1483,1410,0.9501,0.9338,0.8324,0.5968,0.0685,15,0.0612,2.88,2.6,1.96,0.4275,0.2273,0.0165,0.5059,0.5596,-77.0,1.47,15.0,0.22,0.38,0.61,-999.0
-47.963,7.5,APSS,7.5,0,4,107,30,0.816,0.8144,0.6342,0.4916,0.142,20,0.1012,0.0,3.0,0.98,0.5353,0.3784,0.0449,0.4489,0.3728,-63.5,1.42,9.0,0.39,0.32,1.36,1.07
-40.749,22.5,APSS,22.5,1,65,167,90,0.7025,0.711,0.8245,0.5347,0.0681,15,0.052,0.12,3.3,1.18,0.6158,0.3184,0.0216,0.5741,0.2367,-67.9,0.31,10.0,0.86,0.93,1.19,0.71
-38.714,37.5,APSS,37.5,2,125,227,150,0.8881,0.8624,0.7385,0.2056,0.0747,9,0.1081,0.25,1.8,1.07,0.7519,0.2973,0.0622,0.5969,0.526,-60.9,0.63,13.0,1.04,1.03,1.31,0.52
-40.729,52.5,APSS,52.5,3,187,285,210,0.7576,0.7913,0.863,0.7978,0.0868,8,0.0922,0.38,3.7,1.63,0.5566,0.2238,0.1391,0.3013,0.4478,-57.2,0.23,14.0,0.97,0.81,0.38,1.62
-39.917,67.5,APSS,67.5,4,243,340,270,0.7616,0.7902,0.7909,0.2894,0.1195,16,0.0985,0.5,3.1,1.9,0.6069,0.2321,0.0295,0.4313,0.3736,-999.0,0.41,14.0,1.38,1.2,1.42,1.34
-46.502,82.5,APSS,82.5,5,307,408,330,0.6877,0.6955,0.8851,0.3218,0.1066,14,0.0535,0.62,1.1,0.83,0.7327,0.1819,0.1036,0.4195,0.5763,-999.0,0.7,18.0,1.55,0.3,1.26,1.47
-45.059,97.5,APSS,97.5,6,361,467,390,0.8468,0.8355,0.8189,0.6593,0.0659,16,0.0335,0.75,3.3,1.72,0.7826,0.1207,0.0114,0.4129,0.3047,-999.0,1.37,9.0,0.64,0.94,0.84,0.63
-47.544,112.5,APSS,112.5,7,422,527,450,0.5637,0.5902,0.7645,0.2768,0.1382,14,0.1028,0.88,3.4,1.67,0.5978,0.3939,0.029,0.5901,0.2765,-74.2,1.43,20.0,0.49,0.12,1.16,0.68
-49.543,127.5,APSS,127.5,8,489,586,510,0.8223,0.8234,0.8124,0.5261,0.0582,10,0.1047,1.0,2.3,1.0,0.6657,0.1648,0.0195,0.6448,0.3841,-74.8,1.2,7.0,0.77,1.18,1.25,1.18
-40.765,142.5,APSS,142.5,9,548,647,570,0.9585,0.9667,0.8633,0.7277,0.1371,13,0.076,1.12,3.3,1.58,0.621,0.1282,0.0687,0.413,0.3563,-72.0,0.73,11.0,0.35,0.59,0.53,-999.0
-48.726,157.5,APSS,157.5,10,608,706,630,0.8238,0.8026,0.7928,0.3175,0.1397,22,0.0358,1.25,3.1,1.91,0.5267,0.3572,0.1812,0.4108,0.5934,-999.0,0.38,8.0,1.63,0.82,0.48,1.73
-44.913,172.5,APSS,172.5,11,661,766,690,0.7512,0.7585,0.6367,0.6351,0.0823,10,0.118,1.38,3.0,0.98,0.6747,0.1279,0.0059,0.6292,0.2839,-50.9,0.57,9.0,1.67,0.22,1.21,2.3
-39.679,-172.5,APSS,187.5,12,725,827,750,0.8129,0.7877,0.6262,0.6314,0.092,6,0.0548,1.5,2.4,1.85,0.6605,0.2863,0.0705,0.6366,0.3885,-62.8,0.28,15.0,0.72,0.85,0.38,-999.0
-48.679,-157.5,APSS,202.5,13,783,883,810,0.8585,0.8442,0.8599,0.3293,0.086,7,0.0963,1.62,2.2,1.86,0.7614,0.1698,0.1615,0.3236,0.5595,-54.4,0.1,8.0,0.82,0.52,0.57,0.76
-53.033,-142.5,APSS,217.5,14,848,947,870,0.7857,0.8281,0.6082,0.7797,0.0627,23,0.1173,1.75,3.5,1.78,0.7358,0.3945,0.1243,0.5237,0.4513,-62.8,0.73,8.0,0.39,0.18,0.62,-999.0
-52.096,-127.5,APSS,232.5,15,909,1008,930,0.9188,0.9022,0.6144,0.7417,0.1352,13,0.053,1.88,2.0,2.18,0.6505,0.2594,0.1676,0.4141,0.3717,-999.0,1.2,14.0,1.25,0.38,0.56,1.98
-47.653,-112.5,APSS,247.5,16,964,1065,990,0.8213,0.818,0.7821,0.5788,0.1092,23,0.0437,2.0,2.5,0.95,0.5538,0.2463,0.1304,0.6802,0.4403,-67.3,0.99,6.0,0.61,0.5,0.87,-999.0
-50.065,-97.5,APSS,262.5,17,1023,1123,1050,0.6957,0.6337,0.6621,0.5099,0.0506,18,0.0249,2.12,3.5,1.98,0.514,0.2389,0.0877,0.3874,0.3587,-999.0,0.49,17.0,0.66,1.0,0.94,1.65
-45.823,-82.5,APSS,277.5,18,1081,1187,1110,0.6703,0.6737,0.7265,0.4466,0.1408,17,0.0808,2.25,1.9,1.95,0.782,0.3464,0.0003,0.5546,0.2205,-999.0,0.18,14.0,1.3,0.23,0.76,1.24
-52.15,-67.5,APSS,292.5,19,1143,1248,1170,0.8155,0.8008,0.8825,0.6011,0.1179,6,0.1088,2.38,2.8,1.5,0.4555,0.1347,0.0309,0.3687,0.4552,-66.5,1.26,20.0,1.51,0.86,0.94,0.67
-39.721,-52.5,APSS,307.5,20,1206,1304,1230,0.8712,0.8267,0.8077,0.458,0.1173,13,0.0506,2.5,3.4,1.42,0.7194,0.3467,0.1715,0.6667,0.3724,-64.6,0.62,14.0,1.33,0.86,0.75,-999.0
-52.909,-37.5,APSS,322.5,21,1262,1362,1290,0.8205,0.8076,0.7022,0.243,0.091,21,0.0301,2.62,3.5,1.54,0.7367,0.2741,0.1119,0.3421,0.2669,-77.0,1.47,13.0,0.42,0.21,0.55,1.33
-45.202,-22.5,APSS,337.5,22,1325,1429,1350,0.8248,0.8115,0.6348,0.7736,0.0814,10,0.0803,2.75,3.5,2.18,0.5154,0.3883,0.0779,0.4542,0.3362,-79.6,0.88,13.0,1.42,1.02,0.83,1.02
-48.829,-7.5,APSS,352.5,23,1387,1483,1410,0.8603,0.8462,0.7042,0.5483,0.0639,7,0.0351,2.88,3.5,1.09,0.713,0.3204,0.0601,0.4303,0.517,-59.4,0.31,18.0,1.34,1.1,0.46,1.7
72.459,7.5,CAMERA,7.5,0,7,104,30,0.8238,0.8223,0.8383,0.3655,0.1377,16,0.117,0.0,3.8,1.52,0.4375,0.3264,0.0984,0.421,0.3966,-65.3,0.72,14.0,1.67,0.5,1.17,1.41
73.066,22.5,CAMERA,22.5,1,63,168,90,0.8521,0.903,0.6178,0.2019,0.114,5,0.1093,0.12,1.2,2.04,0.5793,0.2531,0.1253,0.6706,0.2076,-60.9,1.11,15.0,0.42,0.43,0.73,1.06
65.143,37.5,CAMERA,37.5,2,121,223,150,0.845,0.8707,0.8502,0.6443,0.0643,12,0.1137,0.25,3.5,1.93,0.7538,0.31,0.0209,0.4596,0.4893,-999.0,1.06,5.0,0.69,0.7,1.06,1.9
73.421,52.5,CAMERA,52.5,3,186,281,210,0.8258,0.8359,0.6219,0.4417,0.0795,6,0.0481,0.38,3.4,2.1,0.562,0.3718,0.0643,0.4906,0.2904,-50.7,0.94,10.0,1.24,0.24,1.37,1.4
71.826,67.5,CAMERA,67.5,4,242,343,270,0.6486,0.6543,0.691,0.374,0.1063,8,0.0343,0.5,3.3,1.18,0.5987,0.1853,0.0268,0.5518,0.2217,-73.9,0.1,13.0,0.27,0.4,1.15,-999.0
66.019,82.5,CAMERA,82.5,5,301,402,330,0.7788,0.8126,0.7695,0.7199,0.1072,22,0.1092,0.62,2.3,2.07,0.5509,0.3892,0.0179,0.5748,0.3975,-62.9,1.09,5.0,0.47,0.88,1.1,2.02
66.054,97.5,CAMERA,97.5,6,363,462,390,0.8256,0.8574,0.7932,0.2289,0.086,20,0.0585,0.75,3.6,1.47,0.4444,0.2903,0.1542,0.3012,0.5436,-999.0,0.87,11.0,1.35,0.51,1.34,1.8
66.257,112.5,CAMERA,112.5,7,423,525,450,0.8768,0.8718,0.7934,0.4371,0.1213,5,0.109,0.88,1.9,1.31,0.4232,0.1335,0.1032,0.407,0.5342,-999.0,0.63,10.0,0.23,0.24,0.8,1.31
69.641,127.5,CAMERA,127.5,8,484,589,510,0.71,0.7105,0.7557,0.6065,0.0812,20,0.0973,1.0,2.6,2.17,0.4502,0.1051,0.154,0.6229,0.2481,-999.0,0.12,9.0,1.44,0.67,0.72,0.5
73.471,142.5,CAMERA,142.5,9,549,647,570,0.694,0.6955,0.835,0.6682,0.0958,8,0.1099,1.12,3.1,2.11,0.6413,0.242,0.0119,0.5687,0.4329,-76.6,0.84,15.0,1.23,0.72,1.23,-999.0
73.472,157.5,CAMERA,157.5,10,603,704,630,0.9071,0.9147,0.7582,0.7439,0.0664,15,0.046,1.25,2.0,2.08,0.5162,0.241,0.178,0.5831,0.2249,-999.0,0.11,14.0,0.92,0.25,1.45,0.98
67.747,172.5,CAMERA,172.5,11,666,761,690,0.7408,0.7476,0.7641,0.3082,0.0959,7,0.0366,1.38,2.3,1.09,0.42,0.3531,0.1962,0.6173,0.5415,-999.0,1.44,8.0,1.72,1.19,1.15,1.64
65.731,-172.5,CAMERA,187.5,12,726,821,750,0.783,0.7421,0.8944,0.3141,0.1293,6,0.0898,1.5,2.2,2.13,0.7868,0.2178,0.1708,0.6092,0.324,-999.0,0.74,17.0,1.74,0.94,1.33,2.17
73.048,-157.5,CAMERA,202.5,13,785,887,810,0.9068,0.8433,0.8424,0.3067,0.1015,20,0.0295,1.62,2.3,0.84,0.5924,0.2987,0.0237,0.4156,0.3591,-50.2,0.16,16.0,0.79,0.53,1.21,2.4
67.51,-142.5,CAMERA,217.5,14,844,944,870,0.9304,0.9127,0.7076,0.594,0.074,17,0.1174,1.75,1.1,1.98,0.7007,0.1686,0.1913,0.3593,0.4718,-999.0,0.7,16.0,1.1,0.57,0.69,0.79
73.232,-127.5,CAMERA,232.5,15,904,1001,930,0.8969,0.8809,0.6614,0.5547,0.0686,23,0.0794,1.88,1.1,1.69,0.5457,0.1886,0.1759,0.484,0.238,-83.3,1.12,17.0,0.76,1.01,0.92,0.59
70.467,-112.5,CAMERA,247.5,16,969,1068,990,0.7576,0.7776,0.7771,0.2368,0.0862,14,0.0401,2.0,1.6,0.81,0.575,0.3648,0.0104,0.3764,0.324,-62.6,0.68,16.0,1.18,1.09,1.28,-999.0
74.995,-97.5,CAMERA,262.5,17,1024,1126,1050,0.7624,0.7377,0.6661,0.6575,0.1042,12,0.0861,2.12,1.2,1.56,0.6837,0.1502,0.1561,0.5335,0.5809,-999.0,0.47,14.0,0.67,0.89,1.21,-999.0
74.329,-82.5,CAMERA,277.5,18,1088,1181,1110,0.7622,0.7669,0.8092,0.6286,0.0962,5,0.0322,2.25,1.4,1.99,0.5378,0.1093,0.0104,0.3569,0.2854,-79.5,0.27,16.0,1.27,0.58,0.96,1.47
65.161,-67.5,CAMERA,292.5,19,1144,1242,1170,0.9104,0.9038,0.6034,0.6222,0.147,8,0.0759,2.38,2.5,1.79,0.6137,0.2622,0.0859,0.4235,0.3929,-999.0,1.45,16.0,1.72,0.35,1.36,1.85
70.015,-52.5,CAMERA,307.5,20,1208,1306,1230,0.8414,0.8246,0.6939,0.7612,0.1351,23,0.0828,2.5,1.7,1.03,0.4748,0.1059,0.0781,0.3766,0.3647,-69.9,1.33,14.0,0.6,0.49,0.4,1.86
74.82,-37.5,CAMERA,322.5,21,1264,1365,1290,0.7348,0.6973,0.82,0.2697,0.1281,24,0.0478,2.62,1.8,1.4,0.7921,0.1203,0.1037,0.3717,0.5883,-999.0,0.67,16.0,1.33,0.57,0.72,1.03
67.875,-22.5,CAMERA,337.5,22,1326,1425,1350,0.7708,0.767,0.6432,0.5572,0.0672,19,0.1151,2.75,1.9,0.93,0.6396,0.2871,0.1297,0.407,0.206,-76.2,1.05,16.0,1.18,0.44,0.63,2.23
70.876,-7.5,CAMERA,352.5,23,1382,1488,1410,0.7244,0.7327,0.6151,0.5765,0.0886,11,0.0453,2.88,2.4,2.14,0.5596,0.3519,0.0377,0.569,0.5908,-999.0,0.11,12.0,0.35,0.92,1.4,1.02
-68.623,7.5,WTS,7.5,0,2,103,30,0.8952,0.9367,0.6612,0.5924,0.1318,19,0.0939,0.0,1.0,1.15,0.4858,0.1812,0.0495,0.325,0.3836,-63.8,1.04,6.0,1.72,1.02,1.27,2.37
-67.571,22.5,WTS,22.5,1,68,167,90,0.742,0.7048,0.6205,0.4227,0.1421,10,0.1,0.12,2.0,2.01,0.7661,0.3579,0.007,0.6149,0.3645,-62.7,1.27,12.0,1.06,0.26,1.24,1.5
-69.098,37.5,WTS,37.5,2,127,225,150,0.6513,0.6641,0.6085,0.326,0.0781,7,0.061,0.25,3.0,1.16,0.4638,0.1481,0.0141,0.3743,0.4657,-56.5,1.06,7.0,0.66,0.44,0.6,1.57
-67.107,52.5,WTS,52.5,3,187,286,210,0.8307,0.8167,0.8858,0.396,0.0854,14,0.0471,0.38,1.7,1.25,0.7614,0.1233,0.1658,0.4396,0.4086,-54.0,0.58,12.0,0.86,0.11,0.66,1.32
-70.704,67.5,WTS,67.5,4,247,347,270,0.715,0.6427,0.8589,0.5191,0.1289,5,0.0545,0.5,2.2,1.83,0.7527,0.1364,0.1269,0.5329,0.2474,-999.0,0.54,8.0,0.59,0.39,0.7,1.64
-66.285,82.5,WTS,82.5,5,303,409,330,0.9526,0.9375,0.7236,0.6522,0.0704,6,0.0612,0.62,3.6,1.68,0.613,0.1346,0.1211,0.3469,0.3349,-999.0,1.07,8.0,0.83,1.09,0.55,1.34
-68.716,97.5,WTS,97.5,6,369,465,390,0.98,0.9466,0.817,0.5214,0.1336,20,0.0403,0.75,1.4,1.2,0.6126,0.2532,0.1641,0.4618,0.3937,-999.0,0.67,15.0,0.22,0.41,0.55,-999.0
-66.521,112.5,WTS,112.5,7,424,528,450,0.712,0.6896,0.8945,0.4703,0.1013,19,0.0432,0.88,3.8,0.86,0.5786,0.121,0.1458,0.5434,0.4827,-72.1,0.16,10.0,1.69,0.52,1.3,1.25
-70.739,127.5,WTS,127.5,8,485,586,510,0.7765,0.7591,0.8032,0.6551,0.0515,23,0.082,1.0,3.2,1.04,0.478,0.3671,0.15,0.6633,0.5035,-62.1,1.34,14.0,1.21,0.27,0.87,1.04
-72.851,142.5,WTS,142.5,9,541,649,570,0.6677,0.6442,0.8088,0.4297,0.1322,22,0.1158,1.12,2.3,1.57,0.6133,0.291,0.1496,0.39,0.4115,-68.8,0.49,15.0,1.52,0.17,1.23,1.42
-67.522,157.5,WTS,157.5,10,601,707,630,0.861,0.8819,0.6093,0.3557,0.0534,7,0.1024,1.25,2.9,2.0,0.7135,0.2287,0.0402,0.5057,0.4945,-61.7,0.23,16.0,1.5,0.88,1.46,2.31
-74.943,172.5,WTS,172.5,11,663,760,690,0.8622,0.8935,0.8883,0.735,0.1349,15,0.0214,1.38,1.2,1.24,0.4063,0.1051,0.1833,0.5825,0.3236,-999.0,0.82,5.0,1.7,0.56,0.78,0.64
-73.616,-172.5,WTS,187.5,12,729,823,750,0.9084,0.9435,0.7708,0.721,0.0879,6,0.0542,1.5,2.6,1.1,0.7983,0.3943,0.1299,0.6218,0.486,-83.1,0.74,15.0,1.28,0.51,1.43,-999.0
-68.514,-157.5,WTS,202.5,13,786,882,810,0.8741,0.9065,0.8243,0.6862,0.0914,12,0.0905,1.62,2.4,1.73,0.7349,0.1509,0.0038,0.6116,0.4439,-55.7,1.22,19.0,1.06,0.64,0.78,-999.0
-69.168,-142.5,WTS,217.5,14,848,947,870,0.8889,0.8828,0.7782,0.6216,0.0567,21,0.0807,1.75,3.6,2.04,0.6636,0.1634,0.1726,0.6544,0.2787,-75.0,1.22,20.0,0.25,1.09,1.05,1.43
-74.33,-127.5,WTS,232.5,15,907,1000,930,0.7751,0.7606,0.8008,0.7351,0.0806,18,0.0586,1.88,1.2,1.1,0.4917,0.2407,0.0537,0.3404,0.267,-999.0,1.46,16.0,1.75,0.58,0.63,1.15
-72.435,-112.5,WTS,247.5,16,961,1063,990,0.7474,0.7369,0.8022,0.2375,0.0711,8,0.0347,2.0,2.0,2.01,0.462,0.1248,0.0969,0.421,0.4254,-80.2,0.91,13.0,0.43,0.79,0.63,0.66
-74.43,-97.5,WTS,262.5,17,1028,1121,1050,0.9185,0.902,0.7375,0.635,0.1074,23,0.1192,2.12,3.0,1.08,0.418,0.1379,0.1125,0.6061,0.5762,-999.0,0.83,12.0,1.25,0.72,1.12,0.73
-70.839,-82.5,WTS,277.5,18,1088,1180,1110,0.7558,0.7345,0.8454,0.5061,0.1236,18,0.0845,2.25,1.7,1.57,0.5489,0.2985,0.0282,0.5284,0.2741,-999.0,0.41,8.0,1.52,0.41,1.41,1.64
-71.326,-67.5,WTS,292.5,19,1141,1244,1170,0.8133,0.7979,0.6525,0.6037,0.0721,24,0.045,2.38,1.8,0.8,0.7483,0.3378,0.1255,0.6001,0.2608,-72.7,0.23,12.0,1.67,0.14,0.65,-999.0
-70.337,-52.5,WTS,307.5,20,1209,1306,1230,0.8313,0.858,0.7462,0.458,0.1097,11,0.1135,2.5,2.1,1.79,0.5903,0.3023,0.1526,0.3182,0.4586,-999.0,1.04,12.0,1.44,0.24,1.05,-999.0
-72.845,-37.5,WTS,322.5,21,1261,1368,1290,0.7125,0.7352,0.7825,0.3686,0.0673,5,0.0811,2.62,1.6,0.88,0.6274,0.2955,0.0422,0.5226,0.5426,-52.5,0.61,10.0,1.4,0.57,0.41,-999.0
-72.062,-22.5,WTS,337.5,22,1328,1422,1350,0.8088,0.7718,0.7911,0.5584,0.1153,10,0.0496,2.75,2.9,1.64,0.6025,0.2051,0.1826,0.4359,0.3822,-66.0,0.59,12.0,1.47,0.41,0.47,2.2
-65.152,-7.5,WTS,352.5,23,1388,1481,1410,0.8225,0.8294,0.8786,0.2371,0.0592,20,0.091,2.88,1.8,1.28,0.5795,0.374,0.0379,0.302,0.224,-62.3,0.48,8.0,0.67,0.23,1.43,1.42
