latitude,longitude,instrument,seasonal_longitude,seasonal_bin,sol_range_start,sol_range_end,median_sol,reliability_score,power_reliability,routine_ratio,complexity_score,complexity_std,sample_count,reliability_std,mission_age_factor,systems_involved,operational_tempo,science_activity_rate,maintenance_activity_rate,recovery_activity_rate,movement_required_rate,power_intensive_rate,success_rate,temperature_celsius,temperature_range_celsius,wind_speed_avg_ms,wind_speed_max_ms,wind_speed_variability,weather_data_quality,seasonal_intensity_factor,orbital_thermal_factor,diurnal_thermal_factor,combined_thermal_stress
-49.831,-82.5,APSS,7.5,0,157,1888,1469,0.5292,0.5131,0.2,0.4985,0.3503,5,0.2103,1.3,2.8,1.37,0.4,0.0,0.0,0.6,0.6,0.5292,-57.1,13.6,10.0,24.6,2.54,10,1.25,1.0,1.23,1.81
-49.815,-67.5,APSS,22.5,1,409,692,550,0.7255,0.6969,0.0,0.36,0.2645,2,0.1024,0.55,4.5,1.36,1.0,0.0,0.0,0.0,0.0,0.7255,-66.9,27.1,10.6,19.1,2.25,4,1.35,1.07,1.34,2.15
-52.491,-52.5,APSS,37.5,2,110,1932,1496,0.7588,0.7879,0.0,0.5438,0.3362,7,0.1626,1.28,2.0,1.4,0.4286,0.1429,0.0,0.5714,0.2857,0.7588,-56.9,15.7,9.6,16.8,3.62,14,1.17,1.05,0.99,1.24
-52.926,-37.5,APSS,52.5,3,83,1926,1020,0.6688,0.707,0.3636,0.507,0.2803,11,0.1888,0.94,3.3,1.13,0.3636,0.0909,0.0,0.3636,0.2727,0.6688,-50.6,14.4,9.4,25.2,2.75,22,1.26,0.98,0.99,1.59
-43.612,-22.5,APSS,67.5,4,1380,1747,1710,0.5497,0.511,0.0,0.4154,0.2944,6,0.1762,1.62,3.8,1.21,0.3333,0.1667,0.0,0.5,0.5,0.5497,-55.2,17.5,8.3,25.7,3.1,12,1.06,1.25,0.77,1.87
-51.473,-7.5,APSS,82.5,5,129,1921,1368,0.6907,0.746,0.0,0.6629,0.3223,7,0.2181,1.25,3.0,1.41,0.8571,0.0,0.0,0.5714,0.5714,0.6907,-52.1,12.3,9.1,27.5,2.71,14,0.92,0.9,0.99,1.83
-44.109,7.5,APSS,97.5,6,149,1692,969,0.6085,0.5806,0.5,0.5137,0.3915,4,0.2171,0.94,2.8,1.4,0.25,0.0,0.0,0.5,0.25,0.6085,-56.5,15.2,13.3,20.2,3.27,8,0.61,0.89,1.15,1.58
-46.901,22.5,APSS,112.5,7,362,1478,562,0.5809,0.5339,0.0,0.5518,0.328,5,0.2413,0.86,2.6,1.38,0.2,0.2,0.0,0.4,0.6,0.5809,-44.7,21.6,12.5,17.4,1.99,10,1.25,0.97,1.33,1.68
-40.925,37.5,APSS,127.5,8,54,1796,948,0.6083,0.6333,0.4444,0.6183,0.2457,9,0.226,0.95,3.7,1.37,0.3333,0.2222,0.0,0.6667,0.5556,0.6083,-50.9,20.4,10.5,17.6,2.32,18,0.91,0.86,1.2,2.17
-53.28,52.5,APSS,142.5,9,244,1949,1132,0.765,0.7228,0.0,0.5452,0.1314,5,0.1237,1.23,2.6,1.11,0.2,0.4,0.2,0.2,0.4,0.765,-46.8,12.7,12.1,26.8,2.42,10,1.3,0.82,1.01,1.44
-43.333,67.5,APSS,157.5,10,490,1669,945,0.6732,0.6864,0.1429,0.543,0.2936,7,0.1497,1.03,3.6,1.19,0.1429,0.2857,0.2857,0.4286,0.5714,0.6732,-47.6,21.0,9.4,24.5,3.11,14,1.04,0.8,1.22,1.69
-42.251,82.5,APSS,172.5,11,162,1666,747,0.5492,0.5923,0.0,0.6026,0.298,4,0.2158,0.83,4.0,1.21,1.0,0.0,0.0,0.0,0.75,0.5492,-59.3,8.0,6.6,21.3,3.0,8,1.25,0.92,0.64,1.45
-52.16,97.5,APSS,187.5,12,140,1997,1464,0.5202,0.5332,0.2,0.7558,0.3495,5,0.1376,1.09,3.2,1.04,0.4,0.2,0.0,0.6,0.6,0.5202,-55.1,13.1,14.0,28.9,2.92,10,0.99,0.93,1.18,1.46
-42.636,112.5,APSS,202.5,13,1011,1754,1382,0.7781,0.7792,0.0,0.3479,0.2213,2,0.0434,1.38,1.0,0.81,0.0,0.5,0.0,0.0,1.0,0.7781,-38.4,9.6,8.1,16.9,3.43,4,0.78,1.01,0.79,0.94
-50.217,127.5,APSS,217.5,14,113,1450,448,0.7218,0.6759,0.2857,0.5676,0.2896,7,0.2498,0.72,3.4,1.17,0.5714,0.0,0.0,0.4286,0.4286,0.7218,-50.2,19.8,15.4,24.2,2.33,14,1.13,0.96,0.93,1.64
-39.938,142.5,APSS,232.5,15,583,1896,1180,0.7885,0.8466,0.5,0.6111,0.1899,6,0.1261,1.2,2.7,1.23,0.1667,0.1667,0.0,0.6667,0.3333,0.7885,-57.7,14.0,12.5,20.2,2.54,12,0.9,0.85,1.32,1.98
-50.037,157.5,APSS,247.5,16,849,1984,1545,0.717,0.766,0.2,0.3583,0.2166,5,0.2133,1.51,2.8,1.12,0.4,0.2,0.2,0.6,0.4,0.717,-51.6,15.5,8.2,17.6,2.26,10,0.82,1.01,0.89,1.61
-41.032,172.5,APSS,262.5,17,335,1725,991,0.6488,0.6156,0.2857,0.3964,0.166,7,0.2073,1.02,2.1,1.26,0.2857,0.2857,0.0,0.7143,0.4286,0.6488,-42.0,23.1,12.1,22.1,2.34,14,1.01,1.01,1.26,1.6
-48.557,-172.5,APSS,277.5,18,249,1555,1308,0.5298,0.5764,0.2,0.6306,0.2256,5,0.2287,1.05,3.0,1.13,0.8,0.0,0.0,0.6,0.2,0.5298,-59.1,19.7,10.2,28.1,1.77,10,1.1,1.11,1.03,1.69
-46.091,-157.5,APSS,292.5,19,470,1787,1127,0.6865,0.7262,0.3077,0.5628,0.2783,13,0.1972,1.17,2.5,1.19,0.1538,0.3077,0.0,0.5385,0.4615,0.6865,-52.6,21.2,11.9,21.7,2.76,26,0.77,1.04,0.97,1.98
-47.502,-142.5,APSS,307.5,20,983,1470,1043,0.4336,0.4308,0.25,0.5041,0.2312,4,0.1835,1.14,2.5,1.69,0.75,0.0,0.0,0.25,0.75,0.4336,-52.0,14.8,6.2,21.1,3.25,8,0.96,0.78,1.32,2.56
-51.98,-127.5,APSS,322.5,21,67,1464,730,0.5544,0.5847,0.1667,0.4081,0.2053,6,0.1517,0.78,3.0,1.26,0.1667,0.1667,0.1667,0.8333,0.3333,0.5544,-54.1,20.0,7.1,29.0,2.98,12,1.32,0.96,0.88,2.15
-42.347,-112.5,APSS,337.5,22,29,1855,1201,0.6746,0.7146,0.2,0.6009,0.2939,10,0.1867,1.02,2.0,1.32,0.4,0.0,0.2,0.6,0.6,0.6746,-51.5,19.6,8.5,23.3,2.69,20,1.1,0.79,1.23,1.95
-38.62,-97.5,APSS,352.5,23,366,1969,651,0.773,0.7426,0.3333,0.6243,0.2216,6,0.1603,0.86,3.3,1.26,0.1667,0.0,0.0,0.3333,0.6667,0.773,-52.3,16.7,9.9,24.9,2.09,12,1.36,0.85,1.02,2.19
69.029,-52.5,CAMERA,7.5,0,553,1733,1143,0.5099,0.4895,1.0,0.7446,0.166,2,0.0004,1.14,3.0,1.32,0.0,0.0,0.0,0.0,0.5,0.5099,-59.0,16.8,11.5,15.8,2.01,4,1.52,1.19,1.1,1.84
67.199,-37.5,CAMERA,22.5,1,222,1579,1104,0.6474,0.6019,0.4,0.6441,0.2527,5,0.199,0.87,2.4,0.98,0.6,0.0,0.0,0.6,0.2,0.6474,-57.6,20.4,14.1,17.1,2.08,10,0.88,0.88,1.24,1.49
74.535,-22.5,CAMERA,37.5,2,100,1598,1259,0.6514,0.7029,0.2,0.5957,0.2542,5,0.2711,1.13,3.2,1.27,0.4,0.4,0.0,0.6,0.6,0.6514,-42.1,17.8,7.1,17.6,2.87,10,1.06,0.82,1.19,1.81
68.631,-7.5,CAMERA,52.5,3,755,1228,991,0.5071,0.4608,0.0,0.4003,0.1835,2,0.2465,0.99,3.0,0.93,0.0,0.5,0.0,0.5,1.0,0.5071,-40.2,13.2,9.4,24.1,1.27,4,1.46,0.95,0.65,2.32
72.785,7.5,CAMERA,67.5,4,1579,1867,1726,0.6016,0.5694,0.0,0.6036,0.2612,3,0.1158,1.72,3.3,1.23,0.3333,0.3333,0.0,0.6667,0.3333,0.6016,-53.1,21.6,7.2,12.2,2.27,6,0.75,1.23,1.36,1.72
66.938,22.5,CAMERA,82.5,5,29,1611,1437,0.5871,0.6072,0.1429,0.4386,0.2982,7,0.207,1.06,2.6,1.57,0.4286,0.0,0.0,0.4286,0.5714,0.5871,-49.8,18.9,8.7,22.2,2.02,14,1.05,0.9,1.1,1.54
65.749,37.5,CAMERA,97.5,6,35,1867,714,0.6838,0.7224,0.0,0.5969,0.2971,10,0.2069,0.84,3.2,1.14,0.8,0.0,0.0,0.7,0.3,0.6838,-51.6,15.3,4.6,22.6,2.65,20,1.26,1.1,1.12,1.37
65.702,52.5,CAMERA,112.5,7,210,1787,1452,0.6188,0.619,0.2,0.5099,0.332,5,0.2457,1.04,2.0,1.41,0.2,0.2,0.0,0.6,0.6,0.6188,-63.2,12.4,12.3,17.6,1.57,10,0.85,0.95,1.09,1.84
73.88,67.5,CAMERA,127.5,8,800,1956,1378,0.6534,0.5981,0.5,0.3845,0.0566,2,0.027,1.38,4.0,0.75,0.0,0.0,0.0,0.5,0.5,0.6534,-49.8,22.4,11.5,22.2,1.17,4,1.54,0.99,1.1,1.13
67.06,82.5,CAMERA,142.5,9,194,1614,731,0.6846,0.7162,0.2,0.6312,0.3358,5,0.2214,0.81,3.4,1.0,0.4,0.2,0.0,0.4,0.4,0.6846,-48.1,15.4,14.5,27.7,2.8,10,1.31,1.13,1.32,1.35
67.815,97.5,CAMERA,157.5,10,130,1133,695,0.6534,0.593,0.3333,0.4329,0.2896,6,0.2368,0.64,2.8,1.37,0.1667,0.0,0.0,0.5,0.5,0.6534,-49.4,15.1,7.8,25.7,2.8,12,0.86,0.76,1.12,1.23
66.089,112.5,CAMERA,172.5,11,279,1991,1023,0.604,0.5647,0.25,0.4541,0.194,4,0.1613,1.08,2.8,1.14,0.5,0.0,0.0,0.75,0.5,0.604,-68.5,17.7,10.2,21.7,2.93,8,0.97,1.04,1.07,1.4
68.27,127.5,CAMERA,187.5,12,492,1953,1336,0.5232,0.4853,0.25,0.685,0.3437,4,0.155,1.28,1.5,1.04,0.75,0.0,0.0,0.25,0.5,0.5232,-37.3,20.1,8.5,31.1,3.18,8,1.26,1.15,1.35,1.77
73.639,142.5,CAMERA,202.5,13,147,1651,543,0.629,0.5687,0.125,0.6266,0.2169,8,0.2407,0.71,3.4,1.25,0.375,0.125,0.0,0.625,0.5,0.629,-47.7,16.2,9.5,22.2,2.98,16,1.37,1.0,1.11,1.97
66.568,157.5,CAMERA,217.5,14,785,1998,1073,0.6891,0.6277,0.0,0.7265,0.2432,4,0.2211,1.23,3.2,1.26,0.5,0.25,0.0,0.5,0.5,0.6891,-49.5,16.6,5.7,25.3,2.75,8,1.02,1.03,1.07,1.13
71.808,172.5,CAMERA,232.5,15,634,1680,704,0.6438,0.5805,0.0,0.5195,0.2153,3,0.2924,1.01,4.3,1.26,0.6667,0.0,0.3333,0.3333,1.0,0.6438,-48.2,15.8,14.0,8.8,2.58,6,1.25,1.26,0.93,1.24
68.237,-172.5,CAMERA,247.5,16,757,1510,1205,0.8661,0.9058,0.0,0.736,0.2084,3,0.1541,1.16,2.7,1.2,0.0,0.6667,0.0,0.6667,0.0,0.8661,-64.9,17.3,14.4,33.0,2.77,6,1.35,1.15,1.25,1.94
73.339,-157.5,CAMERA,262.5,17,95,1903,510,0.6716,0.7129,0.25,0.348,0.1208,8,0.2414,0.81,2.9,1.19,0.25,0.125,0.0,0.75,0.375,0.6716,-47.0,18.1,7.8,22.1,2.03,16,1.19,1.03,1.03,2.14
68.076,-142.5,CAMERA,277.5,18,185,1694,618,0.5497,0.5374,0.5,0.6585,0.2294,8,0.179,0.82,3.1,1.42,0.375,0.0,0.0,0.75,0.25,0.5497,-45.5,17.1,10.2,21.5,2.74,16,1.02,1.23,0.87,1.87
67.859,-127.5,CAMERA,292.5,19,70,1409,1319,0.6955,0.7156,0.0,0.4511,0.2698,4,0.1909,1.03,2.8,1.21,0.5,0.25,0.0,0.25,0.75,0.6955,-59.7,11.7,14.4,15.5,2.71,8,1.25,0.84,0.82,1.99
72.431,-112.5,CAMERA,307.5,20,497,1991,1333,0.4722,0.4872,0.1667,0.5655,0.3059,6,0.1089,1.35,3.8,1.42,0.3333,0.0,0.0,0.5,0.8333,0.4722,-50.4,21.0,11.0,22.5,3.08,12,1.18,1.02,0.64,1.52
74.393,-97.5,CAMERA,322.5,21,1340,1375,1351,0.7265,0.7882,0.0,0.8466,0.1944,3,0.066,1.36,1.7,1.49,0.0,0.3333,0.3333,0.6667,1.0,0.7265,-45.2,20.6,12.6,35.9,3.15,6,1.0,0.81,0.78,2.05
68.598,-82.5,CAMERA,337.5,22,555,1980,1038,0.555,0.5986,0.7143,0.569,0.2218,7,0.2239,1.15,3.7,1.42,0.2857,0.0,0.0,0.2857,0.4286,0.555,-48.4,18.4,10.4,20.3,2.65,14,1.16,0.87,1.31,1.86
71.87,-67.5,CAMERA,352.5,23,406,1726,1258,0.7993,0.7786,0.0,0.5403,0.2684,5,0.1676,1.21,2.8,1.64,0.6,0.0,0.4,0.4,0.4,0.7993,-56.3,14.8,7.0,19.7,2.86,10,1.55,0.97,1.1,1.91
10.08,-142.5,HP3,7.5,0,750,1932,1468,0.6918,0.6459,0.3333,0.6364,0.1569,9,0.2086,1.37,3.9,1.21,0.4444,0.0,0.0,0.4444,0.1111,0.6918,-54.5,17.1,13.1,23.0,2.67,18,1.43,1.08,0.91,1.97
11.467,-127.5,HP3,22.5,1,556,1898,1350,0.7008,0.6978,0.0,0.5861,0.3684,9,0.1572,1.27,3.2,1.39,0.4444,0.2222,0.2222,0.3333,0.4444,0.7008,-53.8,18.9,7.9,20.8,3.01,18,1.22,0.8,1.19,1.64
15.258,-112.5,HP3,37.5,2,57,1795,926,0.5846,0.5392,0.1538,0.5775,0.2788,13,0.1839,1.0,3.3,1.13,0.6154,0.2308,0.0,0.2308,0.3077,0.5846,-51.8,16.0,10.4,15.8,2.25,26,1.11,1.04,1.15,1.94
13.992,-97.5,HP3,52.5,3,17,1812,999,0.6223,0.6671,0.125,0.5035,0.2536,16,0.223,0.97,2.9,1.32,0.375,0.125,0.0625,0.4375,0.5625,0.6223,-55.4,17.4,10.5,22.7,2.76,32,0.92,1.04,1.08,1.66
11.567,-82.5,HP3,67.5,4,421,1830,1321,0.6025,0.6298,0.1818,0.6872,0.218,11,0.1911,1.15,3.4,1.19,0.4545,0.0909,0.0,0.7273,0.3636,0.6025,-57.3,18.1,10.4,21.9,2.03,22,1.11,1.1,1.12,1.93
20.343,-67.5,HP3,82.5,5,65,1754,845,0.7159,0.7692,0.5,0.6141,0.2419,10,0.2334,0.86,3.2,1.49,0.1,0.1,0.0,0.6,0.5,0.7159,-62.4,19.2,7.6,26.7,2.6,20,1.01,0.95,1.02,1.65
12.258,-52.5,HP3,97.5,6,185,1938,1181,0.5324,0.4986,0.3,0.4877,0.2446,10,0.2123,1.09,3.0,1.26,0.3,0.1,0.1,0.5,0.7,0.5324,-54.0,17.2,7.2,19.7,2.98,20,0.67,0.93,1.15,1.69
20.068,-37.5,HP3,112.5,7,1173,1996,1584,0.6295,0.6471,0.5,0.3935,0.022,2,0.3267,1.58,3.0,0.67,0.0,0.5,0.0,1.0,1.0,0.6295,-54.6,24.2,6.8,28.2,1.85,4,1.16,0.74,1.14,2.2
16.796,-22.5,HP3,127.5,8,94,1977,845,0.7887,0.8024,0.3,0.6859,0.3323,10,0.2036,0.89,3.3,1.08,0.3,0.1,0.0,0.5,0.2,0.7887,-55.5,15.0,6.3,27.3,3.2,20,1.04,0.86,1.1,1.63
16.871,-7.5,HP3,142.5,9,332,1886,1580,0.7019,0.6746,0.25,0.5957,0.2055,8,0.2175,1.34,2.9,1.05,0.375,0.125,0.0,0.5,0.375,0.7019,-52.9,16.8,10.1,24.9,2.96,16,1.0,1.18,0.95,1.85
14.689,7.5,HP3,157.5,10,589,1893,832,0.6864,0.7056,0.4286,0.5699,0.3204,7,0.1536,1.06,3.3,1.54,0.5714,0.0,0.0,0.1429,0.4286,0.6864,-49.5,18.6,9.9,26.4,3.08,14,0.78,0.91,1.27,1.59
19.251,22.5,HP3,172.5,11,78,1854,999,0.6996,0.7476,0.2308,0.6087,0.2584,13,0.2026,0.96,2.7,1.28,0.4615,0.0,0.1538,0.6154,0.8462,0.6996,-52.0,20.1,6.8,23.2,2.5,26,0.91,1.0,1.01,1.85
12.057,37.5,HP3,187.5,12,52,1386,720,0.6792,0.6282,0.3,0.4292,0.2296,10,0.1922,0.8,3.2,1.6,0.2,0.0,0.1,0.3,0.4,0.6792,-54.7,14.7,11.3,23.1,3.14,20,1.14,0.98,1.21,1.92
9.657,52.5,HP3,202.5,13,318,1996,1416,0.7661,0.7156,0.375,0.6317,0.2261,8,0.1788,1.34,2.2,1.37,0.625,0.0,0.0,0.625,0.5,0.7661,-56.3,16.6,8.8,24.7,2.71,16,0.98,0.95,1.09,2.05
8.581,67.5,HP3,217.5,14,22,1880,1129,0.7572,0.7604,0.3846,0.5101,0.2889,13,0.1478,1.04,3.1,1.09,0.3077,0.1538,0.0769,0.6154,0.4615,0.7572,-54.4,19.2,7.9,24.3,2.67,26,1.06,0.81,1.11,1.76
21.192,82.5,HP3,232.5,15,11,1917,1130,0.7145,0.667,0.25,0.5827,0.2827,12,0.161,0.99,3.4,1.21,0.25,0.0833,0.0833,0.4167,0.4167,0.7145,-52.2,19.1,12.1,24.4,2.84,24,1.11,1.04,1.02,1.83
10.013,97.5,HP3,247.5,16,219,1439,813,0.7323,0.7341,0.125,0.611,0.2624,8,0.2208,0.79,2.1,1.38,0.25,0.125,0.0,0.125,0.75,0.7323,-50.9,19.8,13.0,21.3,3.36,16,1.1,1.02,1.05,1.84
8.751,112.5,HP3,262.5,17,62,1847,984,0.7096,0.6974,0.0833,0.616,0.2197,12,0.2071,1.03,3.2,1.27,0.5833,0.0833,0.0,0.5,0.6667,0.7096,-56.3,17.7,11.3,21.8,2.18,24,1.01,1.2,1.28,2.04
20.413,127.5,HP3,277.5,18,17,1848,842,0.6795,0.6478,0.6,0.5425,0.3351,10,0.2261,0.86,2.7,1.11,0.3,0.0,0.0,0.4,0.4,0.6795,-51.1,19.2,11.4,20.4,1.98,20,0.89,0.97,0.94,1.67
20.043,142.5,HP3,292.5,19,375,1698,1313,0.7879,0.7147,0.1429,0.6018,0.2504,7,0.1974,1.14,3.3,1.39,0.4286,0.1429,0.1429,0.5714,0.4286,0.7879,-49.6,12.6,10.4,17.6,2.1,14,1.29,1.04,1.04,1.85
13.47,157.5,HP3,307.5,20,61,1800,900,0.6376,0.6934,0.3333,0.6627,0.1836,9,0.2374,0.87,2.9,1.2,0.3333,0.1111,0.1111,0.4444,0.5556,0.6376,-48.4,17.4,10.7,21.6,1.76,18,0.79,0.74,0.95,1.41
9.736,172.5,HP3,322.5,21,1384,1960,1463,0.5707,0.6264,0.375,0.5896,0.3093,8,0.2057,1.53,3.5,1.21,0.25,0.25,0.0,0.375,0.25,0.5707,-50.6,18.3,11.7,27.3,3.01,16,1.17,1.13,0.91,2.04
8.339,-172.5,HP3,337.5,22,215,1846,1336,0.5958,0.6456,0.1667,0.4209,0.2961,6,0.1656,1.22,3.8,1.42,0.6667,0.1667,0.0,0.3333,0.3333,0.5958,-61.8,12.5,9.3,25.1,2.8,12,1.15,0.82,0.94,1.48
9.237,-157.5,HP3,352.5,23,498,1301,1150,0.8024,0.8047,0.0,0.6517,0.0812,4,0.2365,1.02,2.8,1.1,0.5,0.0,0.0,0.75,0.5,0.8024,-51.6,21.8,15.1,20.4,2.38,8,1.09,0.67,1.38,1.49
52.342,-172.5,IDA,7.5,0,156,1766,892,0.7119,0.7227,0.2308,0.6394,0.2065,13,0.1821,0.91,3.2,1.17,0.6923,0.0769,0.0,0.4615,0.3846,0.7119,-52.3,18.3,8.0,23.7,2.78,26,1.41,0.97,1.06,1.54
52.178,-157.5,IDA,22.5,1,173,1552,759,0.6046,0.6049,0.1667,0.3969,0.2863,6,0.2046,0.85,2.7,1.22,0.5,0.1667,0.1667,0.6667,0.5,0.6046,-48.7,12.0,5.0,24.0,3.42,12,1.12,1.08,0.74,1.72
42.843,-142.5,IDA,37.5,2,95,1847,1208,0.6514,0.6378,0.1538,0.6223,0.266,13,0.2189,1.18,2.8,1.29,0.4615,0.0,0.1538,0.6923,0.2308,0.6514,-50.7,16.8,10.1,18.4,2.48,26,1.1,0.96,1.1,2.13
45.047,-127.5,IDA,52.5,3,3,1602,836,0.634,0.6447,0.2143,0.6146,0.3242,14,0.181,0.87,2.9,1.21,0.4286,0.2143,0.0,0.5,0.5,0.634,-41.4,17.8,10.7,26.3,2.47,28,1.31,1.05,0.92,2.14
42.336,-112.5,IDA,67.5,4,217,1814,845,0.7268,0.6901,0.1,0.4473,0.3074,10,0.1949,0.93,2.9,1.2,0.7,0.0,0.0,0.7,0.5,0.7268,-51.5,19.0,8.7,14.8,2.29,20,1.12,0.96,0.85,1.59
50.571,-97.5,IDA,82.5,5,121,1887,1009,0.6372,0.6584,0.2308,0.4988,0.263,13,0.1389,0.97,3.5,1.11,0.3846,0.2308,0.0,0.3846,0.4615,0.6372,-49.1,18.0,10.3,20.1,2.68,26,1.09,1.1,0.9,1.71
42.604,-82.5,IDA,97.5,6,30,1986,835,0.5136,0.5189,0.1111,0.4879,0.2104,9,0.1892,0.93,2.9,1.13,0.3333,0.2222,0.1111,0.5556,0.2222,0.5136,-47.8,14.2,9.5,28.8,2.08,18,1.07,1.12,1.05,1.41
37.736,-67.5,IDA,112.5,7,359,1977,1185,0.7113,0.7657,0.2857,0.4688,0.2556,7,0.2046,1.15,3.7,1.17,0.4286,0.1429,0.1429,0.4286,0.4286,0.7113,-59.6,16.0,8.3,25.7,2.08,14,1.0,0.95,1.23,1.79
43.276,-52.5,IDA,127.5,8,569,1840,1426,0.6643,0.6922,0.2857,0.5159,0.3692,7,0.1917,1.3,2.3,1.08,0.1429,0.1429,0.1429,0.5714,0.1429,0.6643,-54.1,17.3,9.3,19.6,2.42,14,1.42,1.01,1.14,2.03
45.464,-37.5,IDA,142.5,9,136,1765,1093,0.6999,0.7412,0.25,0.5386,0.213,8,0.2169,1.01,2.1,1.27,0.25,0.25,0.125,0.625,0.625,0.6999,-50.6,19.0,10.5,30.3,3.15,16,1.1,1.01,0.89,1.7
44.47,-22.5,IDA,157.5,10,40,1858,1230,0.6816,0.66,0.4615,0.5997,0.2459,13,0.2284,1.0,3.7,1.15,0.4615,0.0769,0.0,0.6923,0.3846,0.6816,-52.9,15.3,8.4,23.3,2.54,26,0.75,0.95,1.17,1.54
45.702,-7.5,IDA,172.5,11,112,1765,1294,0.6664,0.6054,0.0,0.5006,0.3186,11,0.2125,1.1,2.9,1.31,0.6364,0.0909,0.0,0.2727,0.5455,0.6664,-51.1,14.2,7.8,26.9,2.62,22,1.29,0.9,1.27,1.82
53.036,7.5,IDA,187.5,12,161,1925,1173,0.695,0.6874,0.4167,0.5777,0.2972,12,0.2058,1.01,2.7,0.93,0.3333,0.0833,0.0,0.4167,0.25,0.695,-52.5,17.6,11.3,24.4,3.21,24,1.1,0.85,1.05,1.51
39.776,22.5,IDA,202.5,13,4,1893,1110,0.7354,0.7273,0.3,0.4502,0.1942,10,0.204,1.06,2.8,1.21,0.3,0.1,0.1,0.9,0.4,0.7354,-41.1,19.7,7.5,20.8,2.91,20,0.8,1.08,1.05,1.57
51.821,37.5,IDA,217.5,14,175,1948,1255,0.6733,0.7212,0.0625,0.6153,0.2994,16,0.2433,1.22,2.6,1.41,0.5625,0.0625,0.125,0.1875,0.3125,0.6733,-47.2,16.9,6.5,22.5,2.81,32,1.18,1.06,1.15,1.94
47.454,52.5,IDA,232.5,15,106,1944,1144,0.6518,0.6297,0.2353,0.5343,0.2465,17,0.1538,1.11,3.4,1.39,0.4118,0.0588,0.1765,0.4706,0.5882,0.6518,-56.8,18.4,8.5,23.5,2.82,34,1.07,0.99,1.19,1.84
46.668,67.5,IDA,247.5,16,120,1906,740,0.5986,0.5794,0.3,0.5645,0.2742,10,0.1864,0.85,3.6,1.54,0.2,0.2,0.1,0.6,0.3,0.5986,-51.5,15.5,7.2,22.3,2.32,20,1.23,1.03,1.21,1.64
41.485,82.5,IDA,262.5,17,524,1953,1184,0.6192,0.5638,0.2857,0.4307,0.2446,7,0.223,1.16,3.1,1.13,0.4286,0.0,0.0,0.1429,0.5714,0.6192,-54.0,15.5,10.5,26.1,3.37,14,1.32,1.05,1.1,1.76
49.517,97.5,IDA,277.5,18,63,1752,853,0.5975,0.6171,0.3333,0.5978,0.2741,18,0.2111,0.85,2.6,1.27,0.5556,0.0556,0.0,0.6111,0.3889,0.5975,-56.7,18.0,11.0,21.6,3.09,36,1.08,0.95,1.17,1.96
41.623,112.5,IDA,292.5,19,74,1962,1177,0.6982,0.6418,0.1429,0.4664,0.2087,14,0.2102,1.19,3.3,1.33,0.5,0.2143,0.0,0.2143,0.1429,0.6982,-54.8,18.9,13.4,22.1,3.3,28,0.97,1.06,0.95,1.96
50.975,127.5,IDA,307.5,20,357,1836,1300,0.6873,0.6789,0.2857,0.5692,0.2815,7,0.1844,1.07,1.7,1.4,0.4286,0.0,0.0,0.2857,0.8571,0.6873,-59.0,18.2,13.7,18.6,2.59,14,1.23,0.78,1.01,2.42
40.109,142.5,IDA,322.5,21,540,1964,1181,0.6955,0.7411,0.1429,0.484,0.3235,7,0.1733,1.14,3.4,0.87,0.7143,0.0,0.0,0.5714,0.5714,0.6955,-47.4,22.5,10.0,26.5,3.42,14,1.36,0.84,1.2,2.05
44.47,157.5,IDA,337.5,22,68,1933,1366,0.6145,0.6093,0.0,0.4581,0.2227,10,0.1574,1.11,2.9,1.27,0.3,0.2,0.0,0.6,0.5,0.6145,-44.2,16.2,9.0,26.2,2.64,20,1.04,1.05,1.09,1.62
38.291,172.5,IDA,352.5,23,598,1952,1413,0.5776,0.5396,0.25,0.5628,0.224,8,0.1496,1.28,2.6,1.05,0.625,0.0,0.0,0.375,0.5,0.5776,-50.6,16.8,12.8,22.9,3.14,16,1.31,0.99,0.83,1.73
-13.056,-112.5,SEIS,7.5,0,306,1636,714,0.6794,0.6132,0.1429,0.4929,0.2301,7,0.2008,0.87,1.9,1.31,0.5714,0.0,0.0,0.7143,0.5714,0.6794,-52.3,16.2,9.6,30.0,3.07,14,1.31,1.11,1.01,1.43
-8.78,-97.5,SEIS,22.5,1,5,1711,1235,0.6076,0.6007,0.3,0.616,0.2272,10,0.236,1.11,2.6,1.25,0.6,0.0,0.0,0.3,0.3,0.6076,-59.2,16.0,7.2,21.9,2.53,20,1.0,1.06,0.93,1.71
-19.2,-82.5,SEIS,37.5,2,510,1835,1199,0.7475,0.6896,0.0,0.5905,0.1942,4,0.2769,1.19,3.8,1.62,1.0,0.0,0.0,0.5,0.5,0.7475,-48.6,18.5,6.8,32.3,1.58,8,1.62,1.17,0.91,2.06
-15.909,-67.5,SEIS,52.5,3,79,1756,992,0.6484,0.6411,0.0,0.6383,0.3212,7,0.1756,1.12,3.4,1.27,0.5714,0.1429,0.0,0.1429,0.2857,0.6484,-61.4,15.5,8.3,25.8,1.97,14,0.98,1.09,1.23,1.86
-14.944,-52.5,SEIS,67.5,4,1202,1618,1396,0.6169,0.6586,0.25,0.4848,0.2238,4,0.2596,1.4,1.8,1.07,0.5,0.0,0.25,1.0,0.25,0.6169,-57.6,16.5,7.0,25.0,2.52,8,1.4,1.07,0.73,1.77
-21.393,-37.5,SEIS,82.5,5,500,1858,1352,0.7508,0.8043,0.5,0.5245,0.3249,4,0.1483,1.27,2.8,0.76,0.0,0.0,0.0,0.25,0.25,0.7508,-45.3,17.1,16.2,21.2,2.84,8,1.27,0.91,0.97,1.7
-18.666,-22.5,SEIS,97.5,6,82,1913,849,0.6498,0.6894,0.25,0.501,0.2644,8,0.2041,0.86,3.6,1.09,0.25,0.125,0.125,0.5,0.375,0.6498,-46.1,18.8,12.9,17.8,3.56,16,1.0,1.21,1.3,1.73
-19.91,-7.5,SEIS,112.5,7,168,1544,1348,0.6323,0.6043,0.2857,0.5291,0.324,7,0.1977,1.06,3.3,0.9,0.1429,0.2857,0.0,0.5714,0.5714,0.6323,-57.4,15.7,12.0,27.1,2.43,14,0.87,1.17,1.03,1.75
-11.914,7.5,SEIS,127.5,8,10,1769,1572,0.6566,0.6218,0.0,0.5476,0.3056,5,0.2163,1.11,3.6,1.66,0.4,0.4,0.0,0.4,0.4,0.6566,-41.3,20.0,17.1,22.5,2.99,10,1.21,1.03,1.23,1.6
-12.057,22.5,SEIS,142.5,9,166,1993,1231,0.6556,0.6407,0.1429,0.4891,0.2959,7,0.1112,1.17,3.3,1.32,0.4286,0.0,0.0,0.7143,0.5714,0.6556,-44.9,15.2,7.9,29.4,2.04,14,1.09,0.9,1.48,1.33
-18.857,37.5,SEIS,157.5,10,230,1820,1281,0.5713,0.5739,0.2727,0.5758,0.2681,11,0.1905,1.15,2.5,1.37,0.3636,0.0909,0.0,0.5455,0.3636,0.5713,-57.7,13.6,7.7,21.8,3.16,22,1.16,1.07,1.0,1.86
-18.148,52.5,SEIS,172.5,11,313,1081,548,0.6231,0.6138,0.6,0.6113,0.3624,5,0.2742,0.62,3.2,1.58,0.0,0.2,0.2,0.2,0.8,0.6231,-55.9,20.5,13.3,24.5,3.21,10,1.1,0.9,0.92,1.68
-11.037,67.5,SEIS,187.5,12,380,1836,523,0.5898,0.6334,0.0,0.5931,0.1707,5,0.1842,0.75,1.8,1.36,0.8,0.0,0.0,0.6,0.0,0.5898,-55.0,13.1,10.4,16.6,3.61,10,1.37,0.98,1.31,2.13
-17.603,82.5,SEIS,202.5,13,32,1842,1285,0.7113,0.7552,0.3333,0.5275,0.2355,9,0.2397,1.08,3.0,1.43,0.5556,0.0,0.0,0.6667,0.4444,0.7113,-48.3,13.0,12.8,17.0,2.63,18,1.17,0.94,1.2,1.29
-10.995,97.5,SEIS,217.5,14,344,1717,1152,0.6055,0.6305,0.4444,0.5313,0.2651,9,0.1635,1.01,2.9,1.57,0.3333,0.0,0.0,0.3333,0.3333,0.6055,-51.1,17.4,11.9,20.7,2.54,18,0.74,1.04,1.04,1.76
-16.617,112.5,SEIS,232.5,15,18,1379,608,0.6338,0.594,0.2,0.532,0.2268,10,0.1796,0.62,3.5,1.26,0.6,0.1,0.0,0.4,0.4,0.6338,-48.0,13.4,12.1,26.4,2.31,20,1.1,0.84,0.89,1.36
-11.628,127.5,SEIS,247.5,16,36,1867,437,0.8635,0.8342,0.5714,0.3583,0.1664,7,0.1628,0.87,3.1,1.12,0.2857,0.0,0.1429,0.4286,0.5714,0.8635,-59.6,17.2,8.3,19.9,3.24,14,0.9,1.14,1.19,1.88
-13.631,142.5,SEIS,262.5,17,1117,1804,1295,0.7235,0.7268,0.0,0.472,0.057,3,0.1295,1.41,3.3,1.2,0.6667,0.0,0.0,0.3333,0.6667,0.7235,-37.3,13.9,11.1,19.4,2.56,6,1.06,1.09,1.46,1.04
-12.442,157.5,SEIS,277.5,18,378,820,599,0.6295,0.6711,0.0,0.3427,0.1433,2,0.3229,0.6,1.0,1.01,1.0,0.0,0.0,0.0,1.0,0.6295,-48.2,12.8,7.0,15.5,1.99,4,1.44,1.05,1.33,1.03
-16.153,172.5,SEIS,292.5,19,151,1909,1368,0.6769,0.6471,0.1667,0.6017,0.2856,6,0.2936,1.24,4.2,1.28,0.3333,0.0,0.0,0.5,0.3333,0.6769,-49.9,17.3,10.9,26.5,2.96,12,0.56,0.88,1.15,2.12
-13.794,-172.5,SEIS,307.5,20,12,1739,1170,0.6754,0.6807,0.0,0.4847,0.343,5,0.1762,1.0,3.0,1.51,0.4,0.2,0.0,0.4,0.2,0.6754,-47.3,12.2,8.2,22.3,1.97,10,1.02,0.97,1.44,1.96
-20.893,-157.5,SEIS,322.5,21,202,1785,534,0.5988,0.5445,0.5714,0.5194,0.261,7,0.156,0.91,2.9,1.16,0.2857,0.1429,0.0,0.5714,0.7143,0.5988,-58.5,15.8,9.3,17.5,3.78,14,1.03,1.05,1.2,1.96
-14.577,-142.5,SEIS,337.5,22,734,1632,1148,0.5415,0.5955,0.2,0.3618,0.1591,5,0.1598,1.13,2.0,1.21,0.2,0.4,0.0,0.8,0.6,0.5415,-51.7,16.0,7.6,12.7,1.98,10,1.39,1.15,1.04,1.55
-16.263,-127.5,SEIS,352.5,23,442,1897,893,0.8913,0.8636,0.125,0.7305,0.2404,8,0.0889,1.02,3.0,1.46,0.5,0.25,0.125,0.75,0.25,0.8913,-47.4,17.8,10.6,23.0,2.69,16,1.06,0.88,1.3,1.6
-71.864,-22.5,WTS,7.5,0,296,983,951,0.6412,0.6917,0.3333,0.4423,0.3275,3,0.2057,0.74,2.3,1.21,0.3333,0.0,0.0,0.6667,0.6667,0.6412,-57.0,19.7,12.3,18.6,3.34,6,1.15,1.09,1.25,1.55
-73.963,7.5,WTS,37.5,2,219,1462,235,0.4719,0.4672,0.75,0.7237,0.1492,4,0.1574,0.54,3.0,1.43,0.0,0.0,0.25,0.5,0.25,0.4719,-52.0,19.6,15.4,22.3,2.76,8,0.72,1.13,1.23,1.46
-66.762,67.5,WTS,97.5,6,335,1840,1410,0.6047,0.5727,0.6,0.5841,0.1976,5,0.226,1.09,4.0,1.12,0.2,0.0,0.0,0.4,0.2,0.6047,-56.2,18.1,13.1,22.2,2.48,10,0.88,1.22,0.8,2.0
-73.002,82.5,WTS,112.5,7,225,1566,831,0.6843,0.6169,0.5,0.2781,0.1762,4,0.166,0.86,3.5,1.52,0.5,0.0,0.0,1.0,0.5,0.6843,-41.2,14.2,6.8,23.6,2.98,8,0.83,0.89,0.73,2.11
-69.842,97.5,WTS,127.5,8,57,1798,1039,0.5643,0.5741,0.1429,0.3849,0.1881,7,0.1559,0.9,3.0,1.37,0.4286,0.1429,0.0,0.1429,0.2857,0.5643,-59.0,20.5,8.1,15.2,3.32,14,0.69,1.0,1.38,1.96
-65.339,112.5,WTS,142.5,9,510,1301,1055,0.6286,0.6168,0.3333,0.222,0.1664,3,0.2506,0.96,2.7,1.3,0.3333,0.0,0.0,0.3333,0.3333,0.6286,-45.1,12.8,13.7,14.9,2.88,6,0.53,1.01,0.76,2.12
-66.191,127.5,WTS,157.5,10,42,1953,576,0.6418,0.6377,0.2857,0.5314,0.2006,7,0.1797,0.92,2.0,1.28,0.5714,0.1429,0.0,0.1429,0.8571,0.6418,-58.4,18.3,9.6,20.0,3.28,14,0.92,1.14,0.85,1.47
-67.381,142.5,WTS,172.5,11,77,1984,1505,0.7212,0.7161,0.2,0.6646,0.1926,5,0.1549,1.09,3.2,1.23,0.2,0.0,0.0,0.2,0.0,0.7212,-49.1,17.5,8.2,19.2,2.79,10,1.39,0.8,1.28,1.18
-67.72,157.5,WTS,187.5,12,151,1264,655,0.5943,0.5757,0.25,0.4513,0.3197,4,0.2559,0.68,1.8,1.07,0.5,0.0,0.0,0.75,0.5,0.5943,-55.3,15.6,12.2,28.4,3.0,8,0.59,0.85,0.93,1.25
-68.496,172.5,WTS,202.5,13,1052,1628,1340,0.5427,0.5868,0.0,0.84,0.013,2,0.3177,1.34,5.0,1.82,0.5,0.0,0.5,0.5,0.5,0.5427,-37.7,10.4,9.4,30.8,1.7,4,0.82,0.96,0.96,1.47
-73.206,-172.5,WTS,217.5,14,104,1824,768,0.6247,0.6219,0.4,0.5255,0.2663,5,0.2751,0.78,3.4,0.7,0.4,0.0,0.0,0.4,0.4,0.6247,-63.1,24.2,8.2,26.3,3.85,10,1.35,1.16,1.12,1.81
-70.006,-142.5,WTS,247.5,16,210,1500,1324,0.5705,0.5709,0.5,0.3956,0.3238,4,0.1323,1.09,3.8,1.3,0.25,0.25,0.0,0.25,0.25,0.5705,-50.3,18.4,9.6,23.9,3.66,8,1.35,0.88,0.96,1.7
-66.807,-127.5,WTS,262.5,17,20,1994,1358,0.9131,0.8725,0.0,0.5286,0.2807,5,0.0414,1.1,3.4,0.84,0.4,0.2,0.0,0.4,0.6,0.9131,-56.9,11.0,12.2,19.4,3.29,10,1.39,1.14,1.01,1.92
-74.712,-112.5,WTS,277.5,18,726,1651,1101,0.6472,0.5845,0.0,0.3223,0.1357,5,0.1576,1.19,3.2,1.09,0.6,0.0,0.4,0.6,0.4,0.6472,-49.8,16.3,10.9,21.0,2.73,10,0.56,1.13,0.78,1.75
-70.898,-97.5,WTS,292.5,19,308,1963,1202,0.6736,0.6957,0.3333,0.7949,0.1442,3,0.2167,1.16,2.3,0.99,0.6667,0.0,0.0,0.3333,0.3333,0.6736,-50.8,21.5,12.7,21.0,3.15,6,1.41,0.71,0.77,1.64
-67.452,-82.5,WTS,307.5,20,49,1935,1171,0.6774,0.6647,0.375,0.6445,0.2527,8,0.2366,1.18,3.1,1.18,0.375,0.0,0.0,0.75,0.5,0.6774,-46.8,17.7,9.5,20.5,2.43,16,1.16,0.97,1.07,1.96
-73.649,-67.5,WTS,322.5,21,18,612,288,0.6747,0.7354,0.0,0.2216,0.0906,3,0.1902,0.31,2.7,1.09,0.3333,0.3333,0.0,0.6667,0.0,0.6747,-60.3,20.8,5.1,19.8,3.44,6,0.81,0.73,0.95,2.13
-72.413,-52.5,WTS,337.5,22,25,1948,1327,0.593,0.6396,0.1429,0.5786,0.2799,7,0.2451,1.05,2.6,1.17,0.2857,0.1429,0.1429,0.4286,0.4286,0.593,-55.8,17.3,13.1,27.6,3.42,14,1.06,0.91,1.29,2.1
-71.612,-37.5,WTS,352.5,23,884,1908,1616,0.6171,0.5845,0.5,0.6833,0.3861,4,0.2214,1.51,3.0,0.85,0.25,0.0,0.0,0.75,0.5,0.6171,-60.6,18.1,13.4,24.6,2.09,8,0.97,1.07,1.13,1.65
