Start Time,start_solar_longitude,stop_solar_longitude,Ls,Mars Year,file_id
2018-11-30 14:30:00+00:00,297.937,298.055,297.88,34.0,0001
2018-12-01 21:45:00+00:00,298.716,298.824,298.61,34.0,0001
2018-12-07 02:30:00+00:00,301.826,301.834,301.77,34.0,0001
2018-12-11 02:15:00+00:00,304.191,304.507,304.15,34.0,0001
2018-12-11 03:15:00+00:00,304.22,304.507,304.33,34.0,0001
2018-12-11 15:00:00+00:00,304.507,305.09749999999997,304.74,34.0,0001
2018-12-12 15:30:00+00:00,305.114,305.721,305.33,34.0,0001
2018-12-12 17:45:00+00:00,305.165,305.689,305.33,34.0,0001
2018-12-13 16:15:00+00:00,305.721,306.327,305.92,34.0,0001
2018-12-13 18:45:00+00:00,305.783,306.316,305.92,34.0,0001
2018-12-14 17:00:00+00:00,306.327,306.932,306.51,34.0,0001
2018-12-14 18:15:00+00:00,306.356,306.9,306.51,34.0,0001
2018-12-15 17:30:00+00:00,306.932,307.536,307.1,34.0,0001
2018-12-15 17:45:00+00:00,306.938,307.536,307.1,34.0,0001
2018-12-16 18:15:00+00:00,307.536,308.12300000000005,307.69,34.0,0001
2018-12-17 19:00:00+00:00,308.139,308.741,308.27,34.0,0001
2018-12-18 04:15:00+00:00,308.365,308.708,308.45,34.0,0001
2018-12-18 19:30:00+00:00,308.741,309.342,308.86,34.0,0001
2018-12-19 06:45:00+00:00,309.01,309.311,309.04,34.0,0001
2018-12-19 20:15:00+00:00,309.342,309.942,309.45,34.0,0001
2018-12-20 07:30:00+00:00,309.615,309.912,309.62,34.0,0001
2018-12-20 21:00:00+00:00,309.944,310.4475,310.115,34.0,0001
2018-12-21 21:30:00+00:00,310.541,311.139,310.79,34.0,0001
2018-12-22 01:15:00+00:00,310.632,310.644,310.44,34.0,0001
2018-12-22 22:15:00+00:00,311.139,311.737,311.37,34.0,0001
2018-12-23 10:30:00+00:00,311.437,311.509,311.37,34.0,0001
2018-12-23 22:45:00+00:00,311.737,312.333,311.95,34.0,0001
2018-12-24 13:30:00+00:00,312.088,312.266,312.07,34.0,0001
2018-12-24 23:30:00+00:00,312.333,312.928,312.53,34.0,0001
2018-12-26 00:15:00+00:00,312.928,313.523,313.11,34.0,0001
2018-12-26 13:00:00+00:00,313.239,313.294,313.22,34.0,0001
2018-12-27 00:45:00+00:00,313.523,313.648,313.51,34.0,0001
2018-12-29 10:45:00+00:00,314.913,315.3,314.95,34.0,0001
2018-12-29 20:30:00+00:00,315.145,315.229,314.95,34.0,0001
2018-12-30 02:45:00+00:00,315.3,315.89,315.53,34.0,0001
2018-12-30 15:15:00+00:00,315.598,315.786,315.53,34.0,0001
2018-12-31 03:30:00+00:00,315.89,316.48,316.1,34.0,0001
2018-12-31 17:15:00+00:00,316.216,316.42,316.1,34.0,0001
2019-01-01 04:15:00+00:00,316.48,317.068,316.68,35.0,0001
2019-01-01 20:00:00+00:00,316.858,317.018,316.68,35.0,0001
2019-01-02 04:45:00+00:00,317.068,317.656,317.25,35.0,0001
2019-01-02 15:30:00+00:00,317.323,317.325,317.25,35.0,0001
2019-01-03 05:30:00+00:00,317.656,318.242,317.82,35.0,0001
2019-01-03 19:45:00+00:00,317.994,318.193,317.94,35.0,0001
2019-01-04 06:15:00+00:00,318.242,318.828,318.39,35.0,0001
2019-01-04 19:00:00+00:00,318.548,318.72,318.39,35.0,0001
2019-01-05 06:45:00+00:00,318.828,319.412,318.96,35.0,0001
2019-01-05 07:45:00+00:00,318.848,319.412,318.96,35.0,0001
2019-01-06 07:30:00+00:00,319.412,319.971,319.53,35.0,0001
2019-01-07 08:00:00+00:00,319.996,320.578,320.1,35.0,0001
2019-01-08 00:00:00+00:00,320.369,320.373,320.21,35.0,0001
2019-01-08 08:45:00+00:00,320.578,321.16,320.66,35.0,0001
2019-01-09 05:00:00+00:00,321.053,321.055,320.95,35.0,0001
2019-01-09 09:30:00+00:00,321.16,321.74,321.34,35.0,0001
2019-01-09 22:45:00+00:00,321.474,321.691,321.51,35.0,0001
2019-01-10 10:00:00+00:00,321.74,322.319,321.91,35.0,0001
2019-01-10 23:15:00+00:00,322.052,322.27,322.08,35.0,0001
2019-01-11 10:45:00+00:00,322.319,322.898,322.47,35.0,0001
2019-01-12 01:15:00+00:00,322.657,322.869,322.64,35.0,0001
2019-01-12 11:30:00+00:00,322.898,323.475,323.03,35.0,0001
2019-01-12 23:45:00+00:00,323.189,323.475,323.2,35.0,0001
2019-01-13 12:00:00+00:00,323.475,324.052,323.59,35.0,0001
2019-01-14 12:45:00+00:00,324.052,324.627,324.16,35.0,0001
2019-01-15 13:30:00+00:00,324.627,325.202,324.72,35.0,0001
2019-01-16 14:00:00+00:00,325.202,325.775,325.27,35.0,0001
2019-01-17 14:45:00+00:00,325.775,326.348,326.0,35.0,0001
2019-01-18 15:15:00+00:00,326.348,326.919,326.56,35.0,0001
2019-01-19 16:00:00+00:00,326.919,327.49,327.11,35.0,0001
2019-01-20 16:45:00+00:00,327.49,328.059,327.67,35.0,0001
2019-01-21 17:15:00+00:00,328.059,328.51250000000005,328.135,35.0,0001
2019-01-22 18:00:00+00:00,328.628,329.195,328.77,35.0,0001
2019-01-23 06:15:00+00:00,328.909,329.195,328.94,35.0,0001
2019-01-23 18:45:00+00:00,329.195,329.761,329.32,35.0,0001
2019-01-24 19:15:00+00:00,329.761,330.327,329.88,35.0,0001
2019-01-25 20:00:00+00:00,330.327,330.891,330.43,35.0,0001
2019-01-26 20:45:00+00:00,330.891,331.455,330.97,35.0,0001
2019-01-27 21:15:00+00:00,331.455,331.99350000000004,331.605,35.0,0001
2019-01-28 22:00:00+00:00,332.017,332.578,332.23,35.0,0001
2019-01-29 11:30:00+00:00,332.324,332.578,332.34,35.0,0001
2019-01-29 22:30:00+00:00,332.578,333.139,332.78,35.0,0001
2019-01-30 23:15:00+00:00,333.139,333.698,333.32,35.0,0001
2019-02-01 00:00:00+00:00,333.698,334.257,333.87,35.0,0001
2019-02-02 00:30:00+00:00,334.257,334.5495,334.25,35.0,0001
2019-02-03 01:15:00+00:00,334.814,335.37,334.95,35.0,0001
2019-02-03 19:30:00+00:00,335.226,335.283,335.06,35.0,0001
2019-02-04 02:00:00+00:00,335.37,335.926,335.5,35.0,0001
2019-02-05 01:00:00+00:00,335.891,335.895,335.71,35.0,0001
2019-02-05 02:30:00+00:00,335.926,336.48,336.14,35.0,0001
2019-02-05 14:45:00+00:00,336.199,336.201,336.04,35.0,0001
2019-02-06 03:15:00+00:00,336.48,337.034,336.68,35.0,0001
2019-02-06 18:30:00+00:00,336.821,337.034,336.79,35.0,0001
2019-02-07 04:00:00+00:00,337.034,337.58000000000004,337.22,35.0,0001
2019-02-08 04:30:00+00:00,337.586,338.138,337.76,35.0,0001
2019-02-08 18:30:00+00:00,337.898,337.9,337.76,35.0,0001
2019-02-09 05:15:00+00:00,338.138,338.688,338.29,35.0,0001
2019-02-10 06:00:00+00:00,338.688,339.238,338.83,35.0,0001
2019-02-10 14:15:00+00:00,338.874,339.145,338.83,35.0,0001
2019-02-11 06:30:00+00:00,339.238,339.786,339.36,35.0,0001
2019-02-11 18:30:00+00:00,339.506,339.783,339.47,35.0,0001
2019-02-12 07:15:00+00:00,339.786,340.334,339.9,35.0,0001
2019-02-12 22:30:00+00:00,340.127,340.253,340.16,35.0,0001
2019-02-13 07:45:00+00:00,340.334,340.88,340.43,35.0,0001
2019-02-13 21:00:00+00:00,340.626,340.629,340.54,35.0,0001
2019-02-14 08:30:00+00:00,340.88,341.426,340.96,35.0,0001
2019-02-14 22:00:00+00:00,341.18,341.413,341.23,35.0,0001
2019-02-15 09:15:00+00:00,341.426,341.97,341.6,35.0,0001
2019-02-15 20:45:00+00:00,341.682,341.97,341.76,35.0,0001
2019-02-16 09:45:00+00:00,341.97,342.429,342.075,35.0,0001
2019-02-17 10:30:00+00:00,342.514,343.057,342.66,35.0,0001
2019-02-18 00:00:00+00:00,342.81,342.866,342.66,35.0,0001
2019-02-18 11:15:00+00:00,343.057,343.599,343.18,35.0,0001
2019-02-19 00:45:00+00:00,343.358,343.412,343.34,35.0,0001
2019-02-19 11:45:00+00:00,343.599,344.139,343.71,35.0,0001
2019-02-20 01:00:00+00:00,343.888,343.898,343.71,35.0,0001
2019-02-20 12:30:00+00:00,344.139,344.679,344.24,35.0,0001
2019-02-20 23:45:00+00:00,344.389,344.679,344.4,35.0,0001
2019-02-21 13:15:00+00:00,344.679,345.06600000000003,344.71000000000004,35.0,0001
2019-02-22 13:45:00+00:00,345.218,345.756,345.29,35.0,0001
2019-02-23 13:45:00+00:00,345.74,345.743,345.6,35.0,0001
2019-02-23 14:30:00+00:00,345.756,346.293,345.97,35.0,0001
2019-02-24 15:00:00+00:00,346.293,346.829,346.49,35.0,0001
2019-02-25 06:45:00+00:00,346.631,346.633,346.49,35.0,0001
2019-02-25 15:45:00+00:00,346.829,347.364,347.01,35.0,0001
2019-02-26 07:15:00+00:00,347.164,347.17,347.01,35.0,0001
2019-02-26 16:30:00+00:00,347.364,347.898,347.53,35.0,0001
2019-02-27 17:00:00+00:00,347.898,348.431,348.05,35.0,0001
2019-02-28 07:45:00+00:00,348.213,348.431,348.21,35.0,0001
2019-02-28 17:45:00+00:00,348.431,348.829,348.57,35.0,0001
2019-03-03 01:45:00+00:00,349.638,350.026,349.6,35.0,0001
2019-03-03 16:45:00+00:00,349.963,350.026,349.86,35.0,0001
2019-03-03 19:45:00+00:00,350.026,350.555,350.12,35.0,0001
2019-03-04 20:30:00+00:00,350.555,351.084,350.63,35.0,0001
2019-03-05 21:00:00+00:00,351.084,351.611,351.3,35.0,0001
2019-03-06 21:45:00+00:00,351.611,351.898,351.66499999999996,35.0,0001
2019-03-07 22:15:00+00:00,352.138,352.664,352.33,35.0,0001
2019-03-08 19:30:00+00:00,352.588,352.593,352.43,35.0,0001
2019-03-08 23:00:00+00:00,352.664,353.189,352.84,35.0,0001
2019-03-09 11:00:00+00:00,352.921,352.924,352.84,35.0,0001
2019-03-09 23:45:00+00:00,353.189,353.713,353.35,35.0,0001
2019-03-11 00:15:00+00:00,353.713,354.237,353.86,35.0,0001
2019-03-11 15:45:00+00:00,354.04,354.041,353.96,35.0,0001
2019-03-12 01:00:00+00:00,354.237,354.759,354.37,35.0,0001
2019-03-12 14:45:00+00:00,354.527,354.759,354.47,35.0,0001
2019-03-13 01:45:00+00:00,354.759,355.2545,354.88,35.0,0001
2019-03-14 02:15:00+00:00,355.28,355.801,355.49,35.0,0001
2019-03-14 14:45:00+00:00,355.545,355.801,355.49,35.0,0001
2019-03-15 03:00:00+00:00,355.801,356.18600000000004,355.94,35.0,0001
2019-03-16 03:45:00+00:00,356.321,356.839,356.5,35.0,0001
2019-03-16 23:45:00+00:00,356.746,356.839,356.75,35.0,0001
2019-03-17 04:15:00+00:00,356.839,357.224,357.0,35.0,0001
2019-03-21 16:15:00+00:00,359.099,359.421,359.11,35.0,0001
2019-03-22 07:30:00+00:00,359.421,359.934,359.51,35.0,0001
2019-03-22 10:30:00+00:00,359.481,359.849,359.51,35.0,0001
2019-03-23 08:15:00+00:00,359.934,0.447,0.01,35.0,0001
2019-03-23 21:45:00+00:00,0.212,0.377,0.26,35.0,0001
2019-03-24 09:00:00+00:00,0.447,0.959,0.61,35.0,0001
2019-03-24 23:30:00+00:00,0.751,0.826,0.76,35.0,0001
2019-03-25 09:30:00+00:00,0.959,1.47,1.11,35.0,0001
2019-03-25 22:30:00+00:00,1.228,1.421,1.26,35.0,0001
2019-03-26 10:15:00+00:00,1.47,1.981,1.61,35.0,0001
2019-03-26 20:30:00+00:00,1.684,1.774,1.51,35.0,0001
2019-03-27 11:00:00+00:00,1.981,2.49,2.1,35.0,0001
2019-03-27 19:00:00+00:00,2.146,2.476,2.25,35.0,0001
2019-03-28 11:30:00+00:00,2.49,2.999,2.6,35.0,0001
2019-03-28 23:00:00+00:00,2.727,2.999,2.75,35.0,0001
2019-03-29 12:15:00+00:00,2.999,3.1225,2.99,35.0,0001
2019-04-01 21:15:00+00:00,4.666,5.026,4.72,35.0,0001
2019-04-02 02:30:00+00:00,4.773,4.777,4.57,35.0,0001
2019-04-02 14:45:00+00:00,5.026,5.531,5.21,35.0,0001
2019-04-03 04:15:00+00:00,5.3,5.302,5.21,35.0,0001
2019-04-03 15:30:00+00:00,5.531,6.035,5.7,35.0,0001
2019-04-04 16:15:00+00:00,6.035,6.538,6.19,35.0,0001
2019-04-05 16:45:00+00:00,6.538,7.04,6.68,35.0,0001
2019-04-06 00:30:00+00:00,6.696,6.814,6.68,35.0,0001
2019-04-06 17:30:00+00:00,7.04,7.542,7.17,35.0,0001
2019-04-07 07:45:00+00:00,7.332,7.414,7.17,35.0,0001
2019-04-07 18:15:00+00:00,7.542,8.043,7.66,35.0,0001
2019-04-08 08:15:00+00:00,7.83,7.831,7.66,35.0,0001
2019-04-08 18:45:00+00:00,8.043,8.543,8.15,35.0,0001
2019-04-09 07:00:00+00:00,8.288,8.366,8.15,35.0,0001
2019-04-09 19:30:00+00:00,8.543,9.042,8.63,35.0,0001
2019-04-10 00:45:00+00:00,8.649,8.68,8.49,35.0,0001
2019-04-10 20:15:00+00:00,9.042,9.541,9.12,35.0,0001
2019-04-11 12:15:00+00:00,9.37,9.522,9.36,35.0,0001
2019-04-11 20:45:00+00:00,9.541,10.039,9.6,35.0,0001
2019-04-12 05:45:00+00:00,9.724,10.039,9.85,35.0,0001
2019-04-12 21:30:00+00:00,10.039,10.4555,10.16,35.0,0001
2019-04-13 22:15:00+00:00,10.536,11.032,10.72,35.0,0001
2019-04-14 13:30:00+00:00,10.844,10.851,10.72,35.0,0001
2019-04-14 22:45:00+00:00,11.032,11.528,11.2,35.0,0001
2019-04-15 23:30:00+00:00,11.528,12.023,11.68,35.0,0001
2019-04-16 18:30:00+00:00,11.909,11.913,11.78,35.0,0001
2019-04-17 00:00:00+00:00,12.023,12.517,12.16,35.0,0001
2019-04-17 13:00:00+00:00,12.28,12.324,12.26,35.0,0001
2019-04-18 00:45:00+00:00,12.517,13.01,12.64,35.0,0001
2019-04-19 01:30:00+00:00,13.01,13.503,13.12,35.0,0001
2019-04-19 03:00:00+00:00,13.041,13.26,12.98,35.0,0001
2019-04-20 02:00:00+00:00,13.503,13.995,13.6,35.0,0001
2019-04-20 13:00:00+00:00,13.722,13.736,13.6,35.0,0001
2019-04-21 02:45:00+00:00,13.995,14.486,14.18,35.0,0001
2019-04-21 04:00:00+00:00,14.021,14.082,13.94,35.0,0001
2019-04-22 03:30:00+00:00,14.486,14.977,14.66,35.0,0001
2019-04-22 04:15:00+00:00,14.501,14.562,14.42,35.0,0001
2019-04-23 04:00:00+00:00,14.977,15.467,15.13,35.0,0001
2019-04-23 05:45:00+00:00,15.008,15.009,14.89,35.0,0001
2019-04-24 04:45:00+00:00,15.467,15.956,15.61,35.0,0001
2019-04-24 17:00:00+00:00,15.712,15.956,15.7,35.0,0001
2019-04-25 05:30:00+00:00,15.956,16.445,16.09,35.0,0001
2019-04-26 06:00:00+00:00,16.445,16.933,16.56,35.0,0001
2019-04-27 06:45:00+00:00,16.933,17.42,17.04,35.0,0001
2019-04-28 07:15:00+00:00,17.42,17.907,17.51,35.0,0001
2019-04-29 08:00:00+00:00,17.907,18.393,17.98,35.0,0001
2019-04-30 08:45:00+00:00,18.393,18.878,18.46,35.0,0001
2019-05-01 09:15:00+00:00,18.878,19.363,19.02,35.0,0001
2019-05-02 10:00:00+00:00,19.363,19.847,19.49,35.0,0001
2019-05-03 10:45:00+00:00,19.847,20.33,19.96,35.0,0001
2019-05-04 11:15:00+00:00,20.33,20.813,20.43,35.0,0001
2019-05-05 12:00:00+00:00,20.813,21.295,20.9,35.0,0001
2019-05-06 12:45:00+00:00,21.295,21.777,21.37,35.0,0001
2019-05-07 13:15:00+00:00,21.777,22.258,21.84,35.0,0001
2019-05-08 14:00:00+00:00,22.258,22.738,22.31,35.0,0001
2019-05-09 14:30:00+00:00,22.738,23.218,22.92,35.0,0001
2019-05-10 15:15:00+00:00,23.218,23.691499999999998,23.38,35.0,0001
2019-05-11 16:00:00+00:00,23.697,24.176,23.85,35.0,0001
2019-05-11 18:00:00+00:00,23.736,24.176,23.85,35.0,0001
2019-05-12 16:30:00+00:00,24.176,24.654,24.32,35.0,0001
2019-05-13 17:15:00+00:00,24.654,25.131,24.78,35.0,0001
2019-05-14 18:00:00+00:00,25.131,25.608,25.24,35.0,0001
2019-05-15 18:30:00+00:00,25.608,26.084,25.71,35.0,0001
2019-05-16 19:15:00+00:00,26.084,26.56,26.17,35.0,0001
2019-05-17 20:00:00+00:00,26.56,26.935499999999998,26.63,35.0,0001
2019-05-18 20:30:00+00:00,27.035,27.51,27.1,35.0,0001
2019-05-19 08:00:00+00:00,27.253,27.255,27.1,35.0,0001
2019-05-19 21:15:00+00:00,27.51,27.984,27.7,35.0,0001
2019-05-20 07:15:00+00:00,27.701,27.798,27.56,35.0,0001
2019-05-20 22:00:00+00:00,27.984,28.333,28.02,35.0,0001
2019-05-21 08:30:00+00:00,28.188,28.245,28.02,35.0,0001
2019-05-22 01:00:00+00:00,28.502,28.93,28.62,35.0,0001
2019-05-22 11:30:00+00:00,28.706,28.93,28.71,35.0,0001
2019-05-22 23:15:00+00:00,28.93,29.3645,29.009999999999998,35.0,0001
2019-05-23 23:45:00+00:00,29.403,29.874,29.54,35.0,0001
2019-05-25 00:30:00+00:00,29.874,30.346,30.0,35.0,0001
2019-05-26 01:15:00+00:00,30.346,30.817,30.46,35.0,0001
2019-05-26 13:30:00+00:00,30.58,30.6,30.46,35.0,0001
2019-05-27 01:45:00+00:00,30.817,31.287,30.91,35.0,0001
2019-05-27 13:30:00+00:00,31.041,31.103,31.01,35.0,0001
2019-05-28 02:30:00+00:00,31.287,31.757,31.46,35.0,0001
2019-05-28 17:15:00+00:00,31.567,31.573,31.46,35.0,0001
2019-05-29 03:15:00+00:00,31.757,32.227,31.92,35.0,0001
2019-05-29 14:45:00+00:00,31.977,31.982,31.92,35.0,0001
2019-05-30 03:45:00+00:00,32.227,32.695,32.38,35.0,0001
2019-05-30 16:45:00+00:00,32.471,32.475,32.38,35.0,0001
2019-05-31 04:30:00+00:00,32.695,33.164,32.83,35.0,0001
2019-06-01 05:15:00+00:00,33.164,33.632,33.29,35.0,0001
2019-06-02 05:45:00+00:00,33.632,34.099,33.74,35.0,0001
2019-06-03 06:30:00+00:00,34.099,34.566,34.2,35.0,0001
2019-06-04 07:00:00+00:00,34.566,35.033,34.65,35.0,0001
2019-06-05 07:45:00+00:00,35.033,35.499,35.11,35.0,0001
2019-06-06 08:30:00+00:00,35.499,35.965,35.56,35.0,0001
2019-06-07 09:00:00+00:00,35.965,36.43,36.1,35.0,0001
2019-06-08 09:45:00+00:00,36.43,36.895,36.56,35.0,0001
2019-06-09 10:30:00+00:00,36.895,37.359,37.01,35.0,0001
2019-06-10 11:00:00+00:00,37.359,37.823,37.46,35.0,0001
2019-06-11 11:45:00+00:00,37.823,38.287,37.91,35.0,0001
2019-06-12 12:30:00+00:00,38.287,38.75,38.36,35.0,0001
2019-06-13 13:00:00+00:00,38.75,39.212,38.81,35.0,0001
2019-06-13 20:45:00+00:00,38.896,39.212,38.95,35.0,0001
2019-06-14 13:45:00+00:00,39.212,39.5485,39.215,35.0,0001
2019-06-15 14:15:00+00:00,39.675,40.137,39.85,35.0,0001
2019-06-16 15:00:00+00:00,40.137,40.598,40.3,35.0,0001
2019-06-17 15:45:00+00:00,40.598,41.059,40.75,35.0,0001
2019-06-18 16:15:00+00:00,41.059,41.52,41.19,35.0,0001
2019-06-19 17:00:00+00:00,41.52,41.981,41.64,35.0,0001
2019-06-20 17:45:00+00:00,41.981,42.441,42.09,35.0,0001
2019-06-21 18:15:00+00:00,42.441,42.9,42.54,35.0,0001
2019-06-22 15:15:00+00:00,42.833,42.852,42.76,35.0,0001
2019-06-22 19:00:00+00:00,42.9,43.36,42.99,35.0,0001
2019-06-23 19:45:00+00:00,43.36,43.818,43.43,35.0,0001
2019-06-24 20:15:00+00:00,43.818,44.277,43.88,35.0,0001
2019-06-25 21:00:00+00:00,44.277,44.735,44.46,35.0,0001
2019-06-26 21:45:00+00:00,44.735,45.193,44.91,35.0,0001
2019-06-27 22:15:00+00:00,45.193,45.651,45.35,35.0,0001
2019-06-28 23:00:00+00:00,45.651,46.108,45.8,35.0,0001
2019-06-29 11:45:00+00:00,45.89,45.928,45.8,35.0,0001
2019-06-29 23:30:00+00:00,46.108,46.565,46.24,35.0,0001
2019-07-01 00:15:00+00:00,46.565,47.022,46.69,35.0,0001
2019-07-01 23:45:00+00:00,47.002,47.022,46.86,35.0,0001
2019-07-02 01:00:00+00:00,47.022,47.462500000000006,47.13,35.0,0001
2019-07-03 01:30:00+00:00,47.478,47.934,47.57,35.0,0001
2019-07-04 02:15:00+00:00,47.934,48.39,48.11,35.0,0001
2019-07-05 03:00:00+00:00,48.39,48.845,48.55,35.0,0001
2019-07-06 03:30:00+00:00,48.845,49.207,48.99,35.0,0001
2019-07-07 17:30:00+00:00,49.543,49.756,49.52,35.0,0001
2019-07-08 05:00:00+00:00,49.756,50.21,49.88,35.0,0001
2019-07-09 02:45:00+00:00,50.161,50.21,50.1,35.0,0001
2019-07-09 05:30:00+00:00,50.21,50.4685,50.21,35.0,0001
2019-07-10 06:15:00+00:00,50.665,51.119,50.76,35.0,0001
2019-07-11 06:45:00+00:00,51.119,51.573,51.2,35.0,0001
2019-07-12 07:30:00+00:00,51.573,52.026,51.65,35.0,0001
2019-07-13 08:15:00+00:00,52.026,52.48,52.09,35.0,0001
2019-07-14 08:45:00+00:00,52.48,52.933,52.53,35.0,0001
2019-07-15 09:30:00+00:00,52.933,53.386,53.06,35.0,0001
2019-07-16 10:15:00+00:00,53.386,53.838,53.5,35.0,0001
2019-07-17 03:15:00+00:00,53.702,53.775,53.63,35.0,0001
2019-07-17 10:45:00+00:00,53.838,54.291,53.94,35.0,0001
2019-07-18 11:30:00+00:00,54.291,54.743,54.38,35.0,0001
2019-07-19 12:15:00+00:00,54.743,55.195,54.82,35.0,0001
2019-07-20 12:45:00+00:00,55.195,55.647,55.26,35.0,0001
2019-07-21 13:30:00+00:00,55.647,55.93,55.61,35.0,0001
2019-07-22 02:00:00+00:00,55.879,55.891,55.7,35.0,0001
2019-07-23 06:15:00+00:00,56.393,56.55,56.27,35.0,0001
2019-07-23 14:45:00+00:00,56.55,57.002,56.71,35.0,0001
2019-07-24 11:15:00+00:00,56.923,56.947,56.84,35.0,0001
2019-07-24 15:30:00+00:00,57.002,57.453,57.15,35.0,0001
2019-07-25 16:00:00+00:00,57.453,57.904,57.59,35.0,0001
2019-07-26 06:45:00+00:00,57.723,57.904,57.72,35.0,0001
2019-07-26 16:45:00+00:00,57.904,58.257999999999996,57.965,35.0,0001
2019-07-27 17:30:00+00:00,58.354,58.805,58.47,35.0,0001
2019-07-28 18:00:00+00:00,58.805,59.255,58.9,35.0,0001
2019-07-29 18:45:00+00:00,59.255,59.706,59.34,35.0,0001
2019-07-30 13:15:00+00:00,59.595,59.632,59.56,35.0,0001
2019-07-30 19:30:00+00:00,59.706,60.156,59.78,35.0,0001
2019-07-31 20:00:00+00:00,60.156,60.606,60.22,35.0,0001
2019-07-31 21:00:00+00:00,60.175,60.192,60.09,35.0,0001
2019-08-01 20:45:00+00:00,60.606,61.056,60.66,35.0,0001
2019-08-02 21:30:00+00:00,61.056,61.506,61.23,35.0,0001
2019-08-03 22:00:00+00:00,61.506,61.955,61.66,35.0,0001
2019-08-04 12:30:00+00:00,61.768,61.787,61.66,35.0,0001
2019-08-04 22:45:00+00:00,61.955,62.405,62.1,35.0,0001
2019-08-05 09:15:00+00:00,62.147,62.163,62.1,35.0,0001
2019-08-05 23:15:00+00:00,62.405,62.703,62.41,35.0,0001
2019-08-06 15:30:00+00:00,62.698,62.854,62.63,35.0,0001
2019-08-07 00:00:00+00:00,62.854,63.0845,62.845,35.0,0001
2019-08-08 00:45:00+00:00,63.303,63.753,63.41,35.0,0001
2019-08-09 01:15:00+00:00,63.753,64.202,63.85,35.0,0001
2019-08-10 02:00:00+00:00,64.202,64.651,64.29,35.0,0001
2019-08-11 00:00:00+00:00,64.603,64.614,64.46,35.0,0001
2019-08-11 02:45:00+00:00,64.651,65.1,64.81,35.0,0001
2019-08-11 22:15:00+00:00,65.009,65.046,64.9,35.0,0001
2019-08-12 03:15:00+00:00,65.1,65.549,65.25,35.0,0001
2019-08-12 21:00:00+00:00,65.423,65.434,65.34,35.0,0001
2019-08-13 04:00:00+00:00,65.549,65.997,65.69,35.0,0001
2019-08-14 04:45:00+00:00,65.997,66.446,66.12,35.0,0001
2019-08-15 00:30:00+00:00,66.357,66.391,66.21,35.0,0001
2019-08-15 05:15:00+00:00,66.446,66.895,66.56,35.0,0001
2019-08-16 03:45:00+00:00,66.856,66.868,66.78,35.0,0001
2019-08-16 06:00:00+00:00,66.895,67.343,67.0,35.0,0001
2019-08-17 06:30:00+00:00,67.343,67.792,67.43,35.0,0001
2019-08-17 23:45:00+00:00,67.657,67.732,67.65,35.0,0001
2019-08-18 07:15:00+00:00,67.792,68.24,67.87,35.0,0001
2019-08-19 08:00:00+00:00,68.24,68.689,68.31,35.0,0001
2019-08-20 08:30:00+00:00,68.689,69.137,68.74,35.0,0001
2019-08-21 04:45:00+00:00,69.057,69.13,68.96,35.0,0001
2019-08-21 09:15:00+00:00,69.137,69.586,69.27,35.0,0001
2019-08-21 20:45:00+00:00,69.345,69.586,69.4,35.0,0001
2019-08-22 10:00:00+00:00,69.586,70.034,69.7,35.0,0001
2019-08-23 10:30:00+00:00,70.034,70.482,70.14,35.0,0001
2019-08-24 11:15:00+00:00,70.482,70.931,70.58,35.0,0001
2019-08-25 12:00:00+00:00,70.931,71.379,71.01,35.0,0001
2019-08-26 12:30:00+00:00,71.379,71.828,71.45,35.0,0001
2019-08-27 13:15:00+00:00,71.828,72.276,71.89,35.0,0001
2019-08-28 14:00:00+00:00,72.276,72.724,72.32,35.0,0001
2019-08-29 14:30:00+00:00,72.724,72.83,72.67,35.0,0001
2019-09-14 16:00:00+00:00,79.741,79.905,79.66,35.0,0001
2019-09-15 01:00:00+00:00,79.905,80.355,80.01,35.0,0001
2019-09-16 01:45:00+00:00,80.355,80.804,80.45,35.0,0001
2019-09-17 02:30:00+00:00,80.804,81.254,80.97,35.0,0001
2019-09-18 03:00:00+00:00,81.254,81.704,81.41,35.0,0001
2019-09-18 14:45:00+00:00,81.466,81.467,81.32,35.0,0001
2019-09-19 03:45:00+00:00,81.704,82.154,81.85,35.0,0001
2019-09-19 14:15:00+00:00,81.897,81.942,81.85,35.0,0001
2019-09-20 04:30:00+00:00,82.154,82.604,82.29,35.0,0001
2019-09-20 18:00:00+00:00,82.403,82.604,82.37,35.0,0001
2019-09-21 05:00:00+00:00,82.604,83.042,82.73,35.0,0001
2019-09-22 05:45:00+00:00,83.054,83.505,83.16,35.0,0001
2019-09-22 23:15:00+00:00,83.373,83.478,83.38,35.0,0001
2019-09-23 06:15:00+00:00,83.505,83.955,83.6,35.0,0001
2019-09-23 21:15:00+00:00,83.775,83.918,83.82,35.0,0001
2019-09-24 07:00:00+00:00,83.955,84.406,84.04,35.0,0001
2019-09-25 00:30:00+00:00,84.275,84.391,84.26,35.0,0001
2019-09-25 07:45:00+00:00,84.406,84.84,84.48,35.0,0001
2019-09-25 11:45:00+00:00,84.481,84.857,84.48,35.0,0001
2019-09-26 08:15:00+00:00,84.857,85.271,84.92,35.0,0001
2019-09-26 08:30:00+00:00,84.861,85.308,84.92,35.0,0001
2019-09-27 09:00:00+00:00,85.308,85.759,85.45,35.0,0001
2019-09-27 12:45:00+00:00,85.378,85.722,85.36,35.0,0001
2019-09-28 09:45:00+00:00,85.759,86.211,85.88,35.0,0001
2019-09-29 10:00:00+00:00,86.206,86.211,86.15,35.0,0001
2019-09-29 10:15:00+00:00,86.211,86.62549999999999,86.28,35.0,0001
2019-09-30 11:00:00+00:00,86.663,87.114,86.76,35.0,0001
2019-10-01 03:15:00+00:00,86.962,87.038,86.9,35.0,0001
2019-10-01 11:45:00+00:00,87.114,87.566,87.2,35.0,0001
2019-10-01 14:45:00+00:00,87.172,87.508,87.2,35.0,0001
2019-10-02 12:15:00+00:00,87.566,88.019,87.64,35.0,0001
2019-10-03 08:00:00+00:00,87.929,87.985,87.78,35.0,0001
2019-10-03 13:00:00+00:00,88.019,88.471,88.08,35.0,0001
2019-10-03 17:00:00+00:00,88.093,88.366,88.08,35.0,0001
2019-10-04 13:45:00+00:00,88.471,88.924,88.52,35.0,0001
2019-10-04 17:45:00+00:00,88.547,88.9,88.66,35.0,0001
2019-10-05 14:15:00+00:00,88.924,89.377,89.1,35.0,0001
2019-10-06 11:45:00+00:00,89.317,89.325,89.23,35.0,0001
2019-10-06 15:00:00+00:00,89.377,89.83,89.54,35.0,0001
2019-10-06 18:00:00+00:00,89.435,89.83,89.54,35.0,0001
2019-10-07 15:30:00+00:00,89.83,90.059,89.87,35.0,0001
2019-10-08 16:15:00+00:00,90.283,90.737,90.42,35.0,0001
2019-10-09 17:00:00+00:00,90.737,91.191,90.86,35.0,0001
2019-10-10 10:45:00+00:00,91.065,91.158,91.08,35.0,0001
2019-10-10 17:30:00+00:00,91.191,91.645,91.3,35.0,0001
2019-10-11 08:45:00+00:00,91.47,91.523,91.3,35.0,0001
2019-10-11 18:15:00+00:00,91.645,92.099,91.75,35.0,0001
2019-10-12 12:15:00+00:00,91.979,92.055,91.97,35.0,0001
2019-10-12 19:00:00+00:00,92.099,92.554,92.19,35.0,0001
2019-10-13 14:45:00+00:00,92.463,92.505,92.41,35.0,0001
2019-10-13 19:30:00+00:00,92.554,93.009,92.63,35.0,0001
2019-10-14 12:45:00+00:00,92.871,92.879,92.76,35.0,0001
2019-10-14 20:15:00+00:00,93.009,93.464,93.07,35.0,0001
2019-10-15 13:45:00+00:00,93.334,93.381,93.3,35.0,0001
2019-10-15 21:00:00+00:00,93.464,93.919,93.65,35.0,0001
2019-10-16 00:15:00+00:00,93.524,93.846,93.52,35.0,0001
2019-10-16 21:30:00+00:00,93.919,94.375,94.09,35.0,0001
2019-10-17 22:15:00+00:00,94.375,94.831,94.54,35.0,0001
2019-10-17 23:45:00+00:00,94.405,94.788,94.4,35.0,0001
2019-10-18 22:45:00+00:00,94.831,95.287,94.98,35.0,0001
2019-10-19 23:30:00+00:00,95.287,95.744,95.43,35.0,0001
2019-10-21 00:15:00+00:00,95.744,96.201,95.87,35.0,0001
2019-10-21 04:45:00+00:00,95.827,96.119,95.87,35.0,0001
2019-10-22 00:45:00+00:00,96.201,96.658,96.31,35.0,0001
2019-10-22 19:30:00+00:00,96.546,96.627,96.4,35.0,0001
2019-10-23 01:30:00+00:00,96.658,97.116,96.76,35.0,0001
2019-10-23 02:00:00+00:00,96.666,97.06,96.76,35.0,0001
2019-10-24 02:15:00+00:00,97.116,97.574,97.21,35.0,0001
2019-10-24 21:00:00+00:00,97.466,97.543,97.38,35.0,0001
2019-10-25 02:45:00+00:00,97.574,98.032,97.74,35.0,0001
2019-10-25 05:15:00+00:00,97.616,97.921,97.74,35.0,0001
2019-10-26 03:30:00+00:00,98.032,98.49,98.19,35.0,0001
2019-10-27 00:45:00+00:00,98.428,98.49,98.41,35.0,0001
2019-10-27 04:15:00+00:00,98.49,98.7245,98.52,35.0,0001
2019-10-28 04:45:00+00:00,98.949,99.409,99.08,35.0,0001
2019-10-28 22:45:00+00:00,99.286,99.397,99.3,35.0,0001
2019-10-29 05:30:00+00:00,99.409,99.868,99.53,35.0,0001
2019-10-30 06:15:00+00:00,99.868,100.328,99.97,35.0,0001
2019-10-31 00:00:00+00:00,100.204,100.301,100.2,35.0,0001
2019-10-31 06:45:00+00:00,100.328,100.789,100.42,35.0,0001
2019-10-31 09:45:00+00:00,100.383,100.408,100.33,35.0,0001
2019-11-01 07:30:00+00:00,100.789,101.249,100.87,35.0,0001
2019-11-01 08:00:00+00:00,100.8,101.238,100.87,35.0,0001
2019-11-02 08:00:00+00:00,101.249,101.71,101.32,35.0,0001
2019-11-03 01:30:00+00:00,101.574,101.598,101.41,35.0,0001
2019-11-03 08:45:00+00:00,101.71,102.172,101.77,35.0,0001
2019-11-04 05:00:00+00:00,102.091,102.115,101.99,35.0,0001
2019-11-04 09:30:00+00:00,102.172,102.634,102.31,35.0,0001
2019-11-05 02:45:00+00:00,102.499,102.63,102.44,35.0,0001
2019-11-05 10:00:00+00:00,102.634,103.096,102.76,35.0,0001
2019-11-06 10:45:00+00:00,103.096,103.559,103.21,35.0,0001
2019-11-07 11:30:00+00:00,103.559,104.022,103.66,35.0,0001
2019-11-08 11:00:00+00:00,104.001,104.022,103.93,35.0,0001
2019-11-08 12:00:00+00:00,104.022,104.441,104.065,35.0,0001
2019-11-09 12:45:00+00:00,104.485,104.949,104.56,35.0,0001
2019-11-10 08:45:00+00:00,104.861,104.899,104.69,35.0,0001
2019-11-10 13:30:00+00:00,104.949,105.413,105.01,35.0,0001
2019-11-11 09:15:00+00:00,105.325,105.354,105.28,35.0,0001
2019-11-11 14:00:00+00:00,105.413,105.878,105.46,35.0,0001
2019-11-11 15:30:00+00:00,105.441,105.48,105.37,35.0,0001
2019-11-12 14:45:00+00:00,105.878,106.343,106.05,35.0,0001
2019-11-13 15:15:00+00:00,106.343,106.809,106.5,35.0,0001
2019-11-14 16:00:00+00:00,106.809,107.275,106.96,35.0,0001
2019-11-15 16:45:00+00:00,107.275,107.742,107.41,35.0,0001
2019-11-16 17:15:00+00:00,107.742,108.209,107.86,35.0,0001
2019-11-17 18:00:00+00:00,108.209,108.676,108.32,35.0,0001
2019-11-18 05:45:00+00:00,108.432,108.676,108.46,35.0,0001
2019-11-18 18:45:00+00:00,108.676,109.135,108.77,35.0,0001
2019-11-19 19:15:00+00:00,109.144,109.612,109.23,35.0,0001
2019-11-19 22:15:00+00:00,109.2,109.572,109.23,35.0,0001
2019-11-20 20:00:00+00:00,109.612,110.081,109.69,35.0,0001
2019-11-21 05:00:00+00:00,109.786,110.081,109.82,35.0,0001
2019-11-21 20:45:00+00:00,110.081,110.52250000000001,110.14,35.0,0001
2019-11-22 21:15:00+00:00,110.551,111.021,110.74,35.0,0001
2019-11-23 17:45:00+00:00,110.939,110.985,110.83,35.0,0001
2019-11-23 22:00:00+00:00,111.021,111.491,111.19,35.0,0001
2019-11-24 01:45:00+00:00,111.093,111.49,111.19,35.0,0001
2019-11-24 22:30:00+00:00,111.491,111.962,111.65,35.0,0001
2019-11-25 00:45:00+00:00,111.532,111.558,111.38,35.0,0001
2019-11-25 23:15:00+00:00,111.962,112.433,112.11,35.0,0001
2019-11-26 12:15:00+00:00,112.209,112.308,112.2,35.0,0001
2019-11-27 00:00:00+00:00,112.433,112.905,112.57,35.0,0001
2019-11-27 07:30:00+00:00,112.578,112.684,112.43,35.0,0001
2019-11-28 00:30:00+00:00,112.905,113.377,113.03,35.0,0001
2019-11-28 18:45:00+00:00,113.253,113.372,113.12,35.0,0001
2019-11-29 01:15:00+00:00,113.377,113.85,113.49,35.0,0001
2019-11-29 21:15:00+00:00,113.759,113.84,113.67,35.0,0001
2019-11-30 02:00:00+00:00,113.85,114.324,113.95,35.0,0001
2019-11-30 14:00:00+00:00,114.084,114.234,114.04,35.0,0001
2019-12-01 02:30:00+00:00,114.324,114.798,114.5,35.0,0001
2019-12-01 12:30:00+00:00,114.517,114.798,114.5,35.0,0001
2019-12-02 03:15:00+00:00,114.798,115.2485,114.96,35.0,0001
2019-12-03 04:00:00+00:00,115.272,115.747,115.43,35.0,0001
2019-12-03 21:30:00+00:00,115.611,115.697,115.52,35.0,0001
2019-12-04 04:30:00+00:00,115.747,116.223,115.89,35.0,0001
2019-12-04 13:15:00+00:00,115.915,116.168,115.89,35.0,0001
2019-12-05 05:15:00+00:00,116.223,116.699,116.35,35.0,0001
2019-12-05 18:15:00+00:00,116.475,116.655,116.44,35.0,0001
2019-12-06 06:00:00+00:00,116.699,117.176,116.82,35.0,0001
2019-12-07 06:30:00+00:00,117.176,117.523,117.28,35.0,0001
2019-12-07 18:15:00+00:00,117.4,117.523,117.28,35.0,0001
2019-12-08 09:15:00+00:00,117.693,118.131,117.74,35.0,0001
2019-12-08 16:45:00+00:00,117.839,118.083,117.84,35.0,0001
2019-12-09 07:45:00+00:00,118.131,118.61,118.21,35.0,0001
2019-12-09 19:15:00+00:00,118.35,118.596,118.3,35.0,0001
2019-12-10 08:30:00+00:00,118.61,119.089,118.68,35.0,0001
2019-12-10 17:45:00+00:00,118.789,119.079,118.77,35.0,0001
2019-12-11 09:15:00+00:00,119.089,119.569,119.24,35.0,0001
2019-12-11 14:15:00+00:00,119.189,119.227,119.14,35.0,0001
2019-12-12 09:45:00+00:00,119.569,120.049,119.7,35.0,0001
2019-12-12 17:45:00+00:00,119.722,120.024,119.84,35.0,0001
2019-12-13 10:30:00+00:00,120.049,120.53,120.17,35.0,0001
2019-12-14 07:00:00+00:00,120.448,120.475,120.31,35.0,0001
2019-12-14 11:15:00+00:00,120.53,120.997,120.64,35.0,0001
2019-12-15 02:30:00+00:00,120.827,120.997,120.78,35.0,0001
2019-12-15 12:00:00+00:00,121.014,121.492,121.11,35.0,0001
2019-12-15 12:15:00+00:00,121.019,121.494,121.11,35.0,0001
2019-12-16 12:30:00+00:00,121.494,121.976,121.58,35.0,0001
2019-12-16 15:45:00+00:00,121.557,121.932,121.72,35.0,0001
2019-12-17 13:15:00+00:00,121.976,122.46,122.05,35.0,0001
2019-12-17 16:00:00+00:00,122.031,122.432,122.19,35.0,0001
2019-12-18 13:45:00+00:00,122.46,122.944,122.52,35.0,0001
2019-12-19 09:30:00+00:00,122.845,122.906,122.8,35.0,0001
2019-12-19 14:30:00+00:00,122.944,123.428,123.13,35.0,0001
2019-12-20 07:15:00+00:00,123.275,123.403,123.13,35.0,0001
2019-12-20 15:00:00+00:00,123.428,123.914,123.6,35.0,0001
2019-12-21 11:45:00+00:00,123.836,123.887,123.74,35.0,0001
2019-12-21 15:45:00+00:00,123.914,124.4,124.07,35.0,0001
2019-12-22 05:00:00+00:00,124.174,124.39,124.22,35.0,0001
2019-12-22 16:30:00+00:00,124.4,124.886,124.55,35.0,0001
2019-12-23 09:30:00+00:00,124.734,124.833,124.69,35.0,0001
2019-12-23 17:00:00+00:00,124.886,125.373,125.02,35.0,0001
2019-12-24 03:15:00+00:00,125.086,125.323,125.16,35.0,0001
2019-12-24 17:45:00+00:00,125.373,125.861,125.5,35.0,0001
2019-12-25 08:30:00+00:00,125.663,125.822,125.64,35.0,0001
2019-12-25 18:30:00+00:00,125.861,126.35,125.97,35.0,0001
2019-12-26 05:15:00+00:00,126.077,126.317,126.11,35.0,0001
2019-12-26 19:00:00+00:00,126.35,126.744,126.45,35.0,0001
2019-12-27 07:15:00+00:00,126.59,126.744,126.59,35.0,0001
2019-12-27 22:30:00+00:00,126.893,127.329,126.92,35.0,0001
2019-12-28 14:15:00+00:00,127.208,127.297,127.16,35.0,0001
2019-12-28 20:30:00+00:00,127.329,127.82,127.4,35.0,0001
2019-12-29 07:15:00+00:00,127.545,127.706,127.54,35.0,0001
2019-12-29 21:00:00+00:00,127.82,128.311,128.02,35.0,0001
2019-12-30 08:45:00+00:00,128.054,128.258,128.02,35.0,0001
2019-12-30 21:45:00+00:00,128.311,128.803,128.5,35.0,0001
2019-12-31 05:15:00+00:00,128.46,128.72,128.5,35.0,0001
2019-12-31 22:15:00+00:00,128.803,129.296,128.98,35.0,0001
2020-01-01 10:00:00+00:00,129.038,129.248,129.08,35.0,0001
2020-01-01 23:00:00+00:00,129.296,129.789,129.46,35.0,0001
2020-01-02 23:45:00+00:00,129.789,130.283,129.94,35.0,0001
2020-01-03 16:45:00+00:00,130.132,130.155,130.04,35.0,0001
2020-01-04 00:15:00+00:00,130.283,130.778,130.42,35.0,0001
2020-01-04 18:30:00+00:00,130.647,130.668,130.52,35.0,0001
2020-01-05 01:00:00+00:00,130.778,131.274,130.9,35.0,0001
2020-01-05 11:45:00+00:00,130.995,131.171,131.0,35.0,0001
2020-01-06 01:45:00+00:00,131.274,131.77,131.39,35.0,0001
2020-01-06 13:15:00+00:00,131.505,131.717,131.48,35.0,0001
2020-01-07 02:15:00+00:00,131.77,132.267,131.97,35.0,0001
2020-01-07 08:45:00+00:00,131.9,132.255,131.97,35.0,0001
2020-01-08 03:00:00+00:00,132.267,132.765,132.45,35.0,0001
2020-01-08 15:30:00+00:00,132.521,132.738,132.45,35.0,0001
2020-01-09 03:45:00+00:00,132.765,133.264,132.93,35.0,0001
2020-01-09 12:30:00+00:00,132.943,133.253,132.93,35.0,0001
2020-01-10 04:15:00+00:00,133.264,133.763,133.42,35.0,0001
2020-01-10 14:30:00+00:00,133.468,133.51,133.42,35.0,0001
2020-01-11 05:00:00+00:00,133.763,134.263,133.91,35.0,0001
2020-01-11 14:45:00+00:00,133.959,134.131,133.91,35.0,0001
2020-01-12 05:45:00+00:00,134.263,134.764,134.39,35.0,0001
2020-01-12 15:45:00+00:00,134.466,134.673,134.39,35.0,0001
2020-01-13 06:15:00+00:00,134.764,135.265,134.88,35.0,0001
2020-01-13 19:30:00+00:00,135.033,135.035,134.88,35.0,0001
2020-01-14 07:00:00+00:00,135.265,135.768,135.37,35.0,0001
2020-01-14 20:30:00+00:00,135.541,135.679,135.47,35.0,0001
2020-01-15 07:30:00+00:00,135.768,136.271,135.86,35.0,0001
2020-01-16 08:15:00+00:00,136.271,136.775,136.35,35.0,0001
2020-01-16 10:00:00+00:00,136.304,136.724,136.35,35.0,0001
2020-01-17 09:00:00+00:00,136.775,137.28,136.94,35.0,0001
2020-01-17 21:45:00+00:00,137.038,137.04,136.94,35.0,0001
2020-01-18 09:30:00+00:00,137.28,137.785,137.43,35.0,0001
2020-01-18 21:30:00+00:00,137.525,137.785,137.58,35.0,0001
2020-01-19 10:15:00+00:00,137.785,138.248,137.87,35.0,0001
2020-01-20 11:00:00+00:00,138.291,138.798,138.41,35.0,0001
2020-01-21 01:00:00+00:00,138.579,138.798,138.56,35.0,0001
2020-01-21 11:30:00+00:00,138.798,139.1875,138.86,35.0,0001
2020-01-22 12:15:00+00:00,139.306,139.815,139.4,35.0,0001
2020-01-22 23:45:00+00:00,139.545,139.815,139.55,35.0,0001
2020-01-23 13:00:00+00:00,139.815,140.325,139.9,35.0,0001
2020-01-24 13:30:00+00:00,140.325,140.77550000000002,140.33999999999997,35.0,0001
2020-01-25 14:15:00+00:00,140.835,141.346,140.89,35.0,0001
2020-01-26 00:30:00+00:00,141.05,141.306,141.04,35.0,0001
2020-01-26 14:45:00+00:00,141.346,141.858,141.54,35.0,0001
2020-01-26 16:00:00+00:00,141.367,141.658,141.39,35.0,0001
2020-01-27 15:30:00+00:00,141.858,142.371,142.04,35.0,0001
2020-01-28 02:30:00+00:00,142.085,142.146,142.04,35.0,0001
2020-01-28 16:15:00+00:00,142.371,142.885,142.54,35.0,0001
2020-01-28 17:00:00+00:00,142.388,142.778,142.54,35.0,0001
2020-01-29 16:45:00+00:00,142.885,143.399,143.04,35.0,0001
2020-01-30 11:15:00+00:00,143.269,143.297,143.19,35.0,0001
2020-01-30 17:30:00+00:00,143.399,143.914,143.54,35.0,0001
2020-01-31 03:45:00+00:00,143.614,143.914,143.69,35.0,0001
2020-01-31 18:15:00+00:00,143.914,144.2955,143.96499999999997,35.0,0001
2020-02-01 18:45:00+00:00,144.431,144.848,144.54,35.0,0001
2020-02-02 05:30:00+00:00,144.656,144.848,144.54,35.0,0001
2020-02-02 22:15:00+00:00,145.006,145.466,145.05,35.0,0001
2020-02-03 12:00:00+00:00,145.296,145.324,145.2,35.0,0001
2020-02-03 20:15:00+00:00,145.466,145.985,145.55,35.0,0001
2020-02-03 20:30:00+00:00,145.473,145.985,145.55,35.0,0001
2020-02-04 20:45:00+00:00,145.985,146.469,146.05,35.0,0001
2020-02-05 21:30:00+00:00,146.504,147.025,146.71,35.0,0001
2020-02-06 07:15:00+00:00,146.708,146.984,146.71,35.0,0001
2020-02-06 22:15:00+00:00,147.025,147.546,147.22,35.0,0001
2020-02-07 05:15:00+00:00,147.173,147.256,147.07,35.0,0001
2020-02-07 22:45:00+00:00,147.546,148.069,147.73,35.0,0001
2020-02-08 10:00:00+00:00,147.786,148.069,147.83,35.0,0001
2020-02-08 23:30:00+00:00,148.069,148.56,148.24,35.0,0001
2020-02-10 00:00:00+00:00,148.592,149.116,148.75,35.0,0001
2020-02-10 08:15:00+00:00,148.767,149.116,148.85,35.0,0001
2020-02-11 00:45:00+00:00,149.116,149.613,149.26,35.0,0001
2020-02-12 01:30:00+00:00,149.641,150.167,149.77,35.0,0001
2020-02-12 09:45:00+00:00,149.816,150.147,149.87,35.0,0001
2020-02-13 02:00:00+00:00,150.167,150.693,150.28,35.0,0001
2020-02-14 01:15:00+00:00,150.661,150.689,150.48,35.0,0001
2020-02-14 02:45:00+00:00,150.693,151.221,150.9,35.0,0001
2020-02-14 14:15:00+00:00,150.941,151.104,150.9,35.0,0001
2020-02-15 03:30:00+00:00,151.221,151.75,151.41,35.0,0001
2020-02-15 13:30:00+00:00,151.438,151.643,151.41,35.0,0001
2020-02-16 04:00:00+00:00,151.75,152.279,151.92,35.0,0001
2020-02-16 15:45:00+00:00,152.001,152.122,151.92,35.0,0001
2020-02-17 04:45:00+00:00,152.279,152.81,152.44,35.0,0001
2020-02-17 05:45:00+00:00,152.304,152.753,152.44,35.0,0001
2020-02-18 05:30:00+00:00,152.81,153.341,152.96,35.0,0001
2020-02-18 21:15:00+00:00,153.149,153.221,153.06,35.0,0001
2020-02-19 06:00:00+00:00,153.341,153.873,153.47,35.0,0001
2020-02-19 18:15:00+00:00,153.602,153.697,153.47,35.0,0001
2020-02-20 06:45:00+00:00,153.873,154.407,153.99,35.0,0001
2020-02-20 08:00:00+00:00,153.902,154.287,153.99,35.0,0001
2020-02-21 07:15:00+00:00,154.407,154.941,154.51,35.0,0001
2020-02-21 18:15:00+00:00,154.642,154.842,154.62,35.0,0001
2020-02-22 08:00:00+00:00,154.941,155.476,155.03,35.0,0001
2020-02-22 17:15:00+00:00,155.141,155.402,155.14,35.0,0001
2020-02-23 08:45:00+00:00,155.476,156.012,155.55,35.0,0001
2020-02-23 18:45:00+00:00,155.696,155.912,155.66,35.0,0001
2020-02-24 09:15:00+00:00,156.012,156.549,156.18,35.0,0001
2020-02-24 09:45:00+00:00,156.019,156.412,156.07,35.0,0001
2020-02-25 10:00:00+00:00,156.549,157.087,156.7,35.0,0001
2020-02-25 20:15:00+00:00,156.77,156.986,156.7,35.0,0001
2020-02-26 10:45:00+00:00,157.087,157.626,157.23,35.0,0001
2020-02-27 11:15:00+00:00,157.625,157.95833333333334,157.64666666666668,35.0,0001
2020-02-28 12:00:00+00:00,158.166,158.706,158.28,35.0,0001
2020-02-29 00:15:00+00:00,158.433,158.613,158.43,35.0,0001
2020-02-29 12:45:00+00:00,158.706,159.248,158.8,35.0,0001
2020-02-29 23:45:00+00:00,158.952,159.245,158.96,35.0,0001
2020-03-01 13:15:00+00:00,159.248,159.791,159.33,35.0,0001
2020-03-02 01:45:00+00:00,159.525,159.709,159.49,35.0,0001
2020-03-02 14:00:00+00:00,159.791,160.335,159.86,35.0,0001
2020-03-03 00:15:00+00:00,160.017,160.265,160.02,35.0,0001
2020-03-03 14:30:00+00:00,160.335,160.879,160.55,35.0,0001
2020-03-04 00:45:00+00:00,160.558,160.615,160.55,35.0,0001
2020-03-04 15:15:00+00:00,160.879,161.425,161.08,35.0,0001
2020-03-05 02:45:00+00:00,161.134,161.137,161.08,35.0,0001
2020-03-05 16:00:00+00:00,161.425,161.971,161.61,35.0,0001
2020-03-06 01:15:00+00:00,161.634,161.939,161.61,35.0,0001
2020-03-06 16:30:00+00:00,161.971,162.519,162.14,35.0,0001
2020-03-07 01:00:00+00:00,162.16,162.401,162.14,35.0,0001
2020-03-07 17:15:00+00:00,162.519,163.068,162.67,35.0,0001
2020-03-08 02:00:00+00:00,162.713,162.838,162.67,35.0,0001
2020-03-08 18:00:00+00:00,163.068,163.617,163.21,35.0,0001
2020-03-09 02:00:00+00:00,163.245,163.515,163.21,35.0,0001
2020-03-09 18:30:00+00:00,163.617,164.168,163.74,35.0,0001
2020-03-10 03:00:00+00:00,163.806,163.907,163.74,35.0,0001
2020-03-10 19:15:00+00:00,164.168,164.719,164.28,35.0,0001
2020-03-11 04:30:00+00:00,164.373,164.699,164.44,35.0,0001
2020-03-11 20:00:00+00:00,164.719,165.272,164.82,35.0,0001
2020-03-12 04:30:00+00:00,164.912,165.272,164.98,35.0,0001
2020-03-12 20:30:00+00:00,165.272,165.8045,165.35,35.0,0001
2020-03-13 21:15:00+00:00,165.825,166.379,166.05,35.0,0001
2020-03-14 05:45:00+00:00,166.015,166.252,166.05,35.0,0001
2020-03-14 22:00:00+00:00,166.379,166.935,166.59,35.0,0001
2020-03-15 11:00:00+00:00,166.677,166.863,166.7,35.0,0001
2020-03-15 22:30:00+00:00,166.935,167.491,167.14,35.0,0001
2020-03-16 08:15:00+00:00,167.151,167.24,166.97,35.0,0001
2020-03-16 23:15:00+00:00,167.491,168.049,167.68,35.0,0001
2020-03-17 09:45:00+00:00,167.732,167.789,167.68,35.0,0001
2020-03-17 23:45:00+00:00,168.049,168.607,168.22,35.0,0001
2020-03-18 11:15:00+00:00,168.308,168.344,168.22,35.0,0001
2020-03-19 00:30:00+00:00,168.607,169.167,168.76,35.0,0001
2020-03-19 11:45:00+00:00,168.86,169.098,168.87,35.0,0001
2020-03-20 01:15:00+00:00,169.167,169.727,169.31,35.0,0001
2020-03-20 12:30:00+00:00,169.425,169.568,169.42,35.0,0001
2020-03-21 01:45:00+00:00,169.727,170.289,169.85,35.0,0001
2020-03-21 12:00:00+00:00,169.956,170.056,169.96,35.0,0001
2020-03-22 02:30:00+00:00,170.289,170.851,170.51,35.0,0001
2020-03-22 13:15:00+00:00,170.531,170.578,170.51,35.0,0001
2020-03-23 03:15:00+00:00,170.851,171.414,171.06,35.0,0001
2020-03-23 13:30:00+00:00,171.088,171.265,171.06,35.0,0001
2020-03-24 03:45:00+00:00,171.414,171.979,171.61,35.0,0001
2020-03-25 02:30:00+00:00,171.934,171.979,171.88,35.0,0001
2020-03-25 04:30:00+00:00,171.979,172.4765,172.16,35.0,0001
2020-03-26 05:15:00+00:00,172.544,173.111,172.71,35.0,0001
2020-03-26 21:00:00+00:00,172.908,172.97,172.82,35.0,0001
2020-03-27 05:45:00+00:00,173.111,173.678,173.26,35.0,0001
2020-03-27 16:45:00+00:00,173.366,173.667,173.37,35.0,0001
2020-03-28 06:30:00+00:00,173.678,174.247,173.81,35.0,0001
2020-03-28 17:45:00+00:00,173.941,174.025,173.81,35.0,0001
2020-03-29 07:00:00+00:00,174.247,174.816,174.37,35.0,0001
2020-03-29 15:30:00+00:00,174.442,174.583,174.37,35.0,0001
2020-03-30 07:45:00+00:00,174.816,175.387,174.92,35.0,0001
2020-03-31 08:30:00+00:00,175.387,175.958,175.47,35.0,0001
2020-03-31 18:00:00+00:00,175.606,175.712,175.47,35.0,0001
2020-04-01 09:00:00+00:00,175.958,176.531,176.14,35.0,0001
2020-04-01 18:00:00+00:00,176.165,176.296,176.03,35.0,0001
2020-04-02 09:45:00+00:00,176.531,177.104,176.7,35.0,0001
2020-04-02 18:45:00+00:00,176.74,176.863,176.59,35.0,0001
2020-04-03 10:30:00+00:00,177.104,177.679,177.26,35.0,0001
2020-04-03 19:30:00+00:00,177.315,177.447,177.15,35.0,0001
2020-04-04 11:00:00+00:00,177.679,178.254,177.82,35.0,0001
2020-04-05 11:45:00+00:00,178.254,178.831,178.38,35.0,0001
2020-04-05 20:30:00+00:00,178.462,178.588,178.27,35.0,0001
2020-04-06 12:30:00+00:00,178.831,179.408,178.94,35.0,0001
2020-04-06 21:00:00+00:00,179.03,179.209,179.11,35.0,0001
2020-04-07 13:00:00+00:00,179.408,179.987,179.5,35.0,0001
2020-04-07 21:45:00+00:00,179.614,179.707,179.5,35.0,0001
2020-04-08 13:45:00+00:00,179.987,180.566,180.07,35.0,0001
2020-04-08 22:00:00+00:00,180.182,180.283,180.07,35.0,0001
2020-04-09 14:15:00+00:00,180.566,181.147,180.8,35.0,0001
2020-04-09 19:30:00+00:00,180.685,180.877,180.63,35.0,0001
2020-04-10 15:00:00+00:00,181.147,181.729,181.36,35.0,0001
2020-04-10 23:45:00+00:00,181.351,181.403,181.19,35.0,0001
2020-04-11 15:45:00+00:00,181.729,182.311,181.93,35.0,0001
2020-04-11 23:15:00+00:00,181.905,181.963,181.76,35.0,0001
2020-04-12 16:15:00+00:00,182.311,182.895,182.5,35.0,0001
2020-04-13 03:15:00+00:00,182.568,182.69,182.5,35.0,0001
2020-04-13 17:00:00+00:00,182.895,183.479,183.07,35.0,0001
2020-04-14 02:15:00+00:00,183.116,183.227,183.07,35.0,0001
2020-04-14 17:45:00+00:00,183.479,184.065,183.64,35.0,0001
2020-04-15 04:15:00+00:00,183.728,183.946,183.64,35.0,0001
2020-04-15 18:15:00+00:00,184.065,184.651,184.21,35.0,0001
2020-04-16 03:15:00+00:00,184.277,184.601,184.38,35.0,0001
2020-04-16 19:00:00+00:00,184.651,185.239,184.78,35.0,0001
2020-04-17 04:15:00+00:00,184.871,185.086,184.78,35.0,0001
2020-04-17 19:45:00+00:00,185.239,185.827,185.35,35.0,0001
2020-04-18 04:15:00+00:00,185.447,185.685,185.35,35.0,0001
2020-04-18 20:15:00+00:00,185.827,186.417,185.92,35.0,0001
2020-04-19 04:45:00+00:00,186.028,186.234,185.92,35.0,0001
2020-04-19 21:00:00+00:00,186.417,187.007,186.67,35.0,0001
2020-04-20 07:00:00+00:00,186.659,186.879,186.67,35.0,0001
2020-04-20 21:45:00+00:00,187.007,187.599,187.24,35.0,0001
2020-04-21 06:00:00+00:00,187.206,187.469,187.24,35.0,0001
2020-04-21 22:15:00+00:00,187.599,188.191,187.82,35.0,0001
2020-04-22 08:15:00+00:00,187.835,187.974,187.65,35.0,0001
2020-04-22 23:00:00+00:00,188.191,188.785,188.4,35.0,0001
2020-04-23 07:15:00+00:00,188.389,188.778,188.51,35.0,0001
2020-04-23 23:30:00+00:00,188.785,189.379,188.97,35.0,0001
2020-04-24 06:15:00+00:00,188.945,189.373,189.09,35.0,0001
2020-04-25 00:15:00+00:00,189.379,189.975,189.55,35.0,0001
2020-04-25 09:45:00+00:00,189.609,189.622,189.55,35.0,0001
2020-04-26 01:00:00+00:00,189.975,190.571,190.13,35.0,0001
2020-04-26 12:30:00+00:00,190.253,190.265,190.13,35.0,0001
2020-04-27 01:30:00+00:00,190.571,191.169,190.71,35.0,0001
2020-04-27 11:30:00+00:00,190.808,190.937,190.83,35.0,0001
2020-04-28 02:15:00+00:00,191.169,191.767,191.41,35.0,0001
2020-04-28 11:00:00+00:00,191.379,191.585,191.41,35.0,0001
2020-04-29 03:00:00+00:00,191.767,192.366,191.99,35.0,0001
2020-04-29 12:00:00+00:00,191.985,192.181,191.99,35.0,0001
2020-04-30 03:30:00+00:00,192.366,192.966,192.58,35.0,0001
2020-04-30 12:00:00+00:00,192.569,192.966,192.58,35.0,0001
2020-05-01 04:15:00+00:00,192.966,193.476,193.16,35.0,0001
2020-05-02 05:00:00+00:00,193.568,194.17,193.75,35.0,0001
2020-05-02 14:00:00+00:00,193.791,193.863,193.75,35.0,0001
2020-05-03 05:30:00+00:00,194.17,194.773,194.33,35.0,0001
2020-05-04 03:45:00+00:00,194.712,194.742,194.63,35.0,0001
2020-05-04 06:15:00+00:00,194.773,195.377,194.92,35.0,0001
2020-05-04 15:15:00+00:00,194.996,195.139,194.92,35.0,0001
2020-05-05 06:45:00+00:00,195.377,195.982,195.51,35.0,0001
2020-05-05 15:45:00+00:00,195.597,195.797,195.51,35.0,0001
2020-05-06 07:30:00+00:00,195.982,196.588,196.1,35.0,0001
2020-05-06 16:15:00+00:00,196.196,196.452,196.1,35.0,0001
2020-05-07 08:15:00+00:00,196.588,197.194,196.69,35.0,0001
2020-05-07 17:15:00+00:00,196.813,196.953,196.69,35.0,0001
2020-05-08 08:45:00+00:00,197.194,197.802,197.28,35.0,0001
2020-05-08 17:30:00+00:00,197.409,197.577,197.28,35.0,0001
2020-05-09 09:30:00+00:00,197.802,198.411,197.99,35.0,0001
2020-05-09 18:45:00+00:00,198.027,198.154,197.87,35.0,0001
2020-05-10 10:15:00+00:00,198.411,199.02,198.58,35.0,0001
2020-05-10 21:00:00+00:00,198.677,198.766,198.58,35.0,0001
2020-05-11 10:45:00+00:00,199.02,199.631,199.17,35.0,0001
2020-05-11 11:30:00+00:00,199.035,199.445,199.06,35.0,0001
2020-05-12 11:30:00+00:00,199.631,200.242,199.77,35.0,0001
2020-05-12 20:30:00+00:00,199.856,199.956,199.65,35.0,0001
2020-05-13 12:15:00+00:00,200.242,200.855,200.36,35.0,0001
2020-05-14 03:15:00+00:00,200.62,200.622,200.54,35.0,0001
2020-05-14 12:45:00+00:00,200.855,201.468,200.96,35.0,0001
2020-05-14 23:00:00+00:00,201.105,201.239,201.14,35.0,0001
2020-05-15 13:30:00+00:00,201.468,202.082,201.56,35.0,0001
2020-05-15 22:30:00+00:00,201.693,201.86,201.74,35.0,0001
2020-05-16 14:15:00+00:00,202.082,202.697,202.15,35.0,0001
2020-05-16 22:45:00+00:00,202.294,202.475,202.33,35.0,0001
2020-05-17 14:45:00+00:00,202.697,203.312,202.93,35.0,0001
2020-05-17 23:15:00+00:00,202.907,203.185,202.93,35.0,0001
2020-05-18 15:30:00+00:00,203.312,203.929,203.53,35.0,0001
2020-05-19 01:30:00+00:00,203.561,203.711,203.53,35.0,0001
2020-05-19 16:00:00+00:00,203.929,204.547,204.13,35.0,0001
2020-05-20 01:30:00+00:00,204.164,204.308,204.13,35.0,0001
2020-05-20 16:45:00+00:00,204.547,205.165,204.73,35.0,0001
2020-05-21 01:15:00+00:00,204.758,204.932,204.73,35.0,0001
2020-05-21 17:30:00+00:00,205.165,205.784,205.34,35.0,0001
2020-05-22 02:15:00+00:00,205.389,205.576,205.34,35.0,0001
2020-05-22 18:00:00+00:00,205.784,206.404,205.94,35.0,0001
2020-05-23 03:15:00+00:00,206.017,206.156,205.94,35.0,0001
2020-05-23 18:45:00+00:00,206.404,207.025,206.54,35.0,0001
2020-05-24 03:45:00+00:00,206.628,206.801,206.54,35.0,0001
2020-05-24 19:30:00+00:00,207.025,207.647,207.15,35.0,0001
2020-05-25 05:00:00+00:00,207.266,207.446,207.15,35.0,0001
2020-05-25 20:00:00+00:00,207.647,208.269,207.75,35.0,0001
2020-05-26 04:30:00+00:00,207.858,208.269,207.93,35.0,0001
2020-05-26 20:45:00+00:00,208.269,208.8025,208.36,35.0,0001
2020-05-27 21:30:00+00:00,208.892,209.517,209.15,35.0,0001
2020-05-28 05:45:00+00:00,209.101,209.315,208.96,35.0,0001
2020-05-28 22:00:00+00:00,209.517,210.141,209.75,35.0,0001
2020-05-29 06:45:00+00:00,209.735,209.909,209.57,35.0,0001
2020-05-29 22:45:00+00:00,210.141,210.767,210.36,35.0,0001
2020-05-30 08:00:00+00:00,210.377,210.562,210.36,35.0,0001
2020-05-30 23:15:00+00:00,210.767,211.393,210.97,35.0,0001
2020-05-31 08:15:00+00:00,210.994,211.161,210.97,35.0,0001
2020-06-01 00:00:00+00:00,211.393,212.021,211.58,35.0,0001
2020-06-01 08:30:00+00:00,211.61,211.812,211.58,35.0,0001
2020-06-02 00:45:00+00:00,212.021,212.649,212.19,35.0,0001
2020-06-02 08:45:00+00:00,212.228,212.439,212.19,35.0,0001
2020-06-03 01:15:00+00:00,212.649,213.277,212.8,35.0,0001
2020-06-03 09:45:00+00:00,212.865,213.032,212.93,35.0,0001
2020-06-04 02:00:00+00:00,213.277,213.907,213.42,35.0,0001
2020-06-04 10:45:00+00:00,213.501,213.674,213.54,35.0,0001
2020-06-05 02:45:00+00:00,213.907,214.537,214.15,35.0,0001
2020-06-05 10:45:00+00:00,214.11,214.193,214.03,35.0,0001
2020-06-06 03:15:00+00:00,214.537,215.168,214.76,35.0,0001
2020-06-06 14:00:00+00:00,214.809,214.964,214.76,35.0,0001
2020-06-07 04:00:00+00:00,215.168,215.799,215.38,35.0,0001
2020-06-07 12:00:00+00:00,215.373,215.595,215.38,35.0,0001
2020-06-08 04:45:00+00:00,215.799,216.432,215.99,35.0,0001
2020-06-08 13:45:00+00:00,216.034,216.197,215.99,35.0,0001
2020-06-09 05:15:00+00:00,216.432,217.065,216.61,35.0,0001
2020-06-09 13:00:00+00:00,216.632,216.846,216.61,35.0,0001
2020-06-10 06:00:00+00:00,217.065,217.698,217.23,35.0,0001
2020-06-10 18:00:00+00:00,217.373,217.457,217.23,35.0,0001
2020-06-11 06:30:00+00:00,217.698,218.333,217.84,35.0,0001
2020-06-11 15:15:00+00:00,217.918,218.073,217.84,35.0,0001
2020-06-12 07:15:00+00:00,218.333,218.968,218.46,35.0,0001
2020-06-12 19:00:00+00:00,218.637,218.65,218.46,35.0,0001
2020-06-13 08:00:00+00:00,218.968,219.603,219.08,35.0,0001
2020-06-13 19:30:00+00:00,219.267,219.285,219.08,35.0,0001
2020-06-14 08:30:00+00:00,219.603,220.24,219.7,35.0,0001
2020-06-15 09:15:00+00:00,220.24,220.876,220.44,35.0,0001
2020-06-15 18:00:00+00:00,220.466,220.577,220.32,35.0,0001
2020-06-16 10:00:00+00:00,220.876,221.514,221.06,35.0,0001
2020-06-16 19:15:00+00:00,221.114,221.304,220.94,35.0,0001
2020-06-17 10:30:00+00:00,221.514,222.152,221.68,35.0,0001
2020-06-17 20:00:00+00:00,221.756,221.93,221.56,35.0,0001
2020-06-18 11:15:00+00:00,222.152,222.791,222.3,35.0,0001
2020-06-18 20:00:00+00:00,222.378,222.578,222.3,35.0,0001
2020-06-19 12:00:00+00:00,222.791,223.43,222.92,35.0,0001
2020-06-19 20:45:00+00:00,223.019,223.221,222.92,35.0,0001
2020-06-20 12:30:00+00:00,223.43,224.07,223.55,35.0,0001
2020-06-20 20:30:00+00:00,223.638,223.846,223.55,35.0,0001
2020-06-21 13:15:00+00:00,224.07,224.71,224.17,35.0,0001
2020-06-21 22:30:00+00:00,224.313,224.497,224.36,35.0,0001
2020-06-22 14:00:00+00:00,224.71,225.351,224.79,35.0,0001
2020-06-22 22:15:00+00:00,224.931,225.126,224.98,35.0,0001
2020-06-23 14:30:00+00:00,225.351,225.993,225.6,35.0,0001
2020-06-24 00:15:00+00:00,225.607,225.771,225.6,35.0,0001
2020-06-24 15:15:00+00:00,225.993,226.635,226.23,35.0,0001
2020-06-25 01:00:00+00:00,226.246,226.383,226.23,35.0,0001
2020-06-25 15:45:00+00:00,226.635,227.277,226.85,35.0,0001
2020-06-26 00:45:00+00:00,226.866,227.078,226.85,35.0,0001
2020-06-26 16:30:00+00:00,227.277,227.92,227.48,35.0,0001
2020-06-27 01:30:00+00:00,227.509,227.709,227.48,35.0,0001
2020-06-27 17:15:00+00:00,227.92,228.564,228.1,35.0,0001
2020-06-28 02:00:00+00:00,228.149,228.307,228.1,35.0,0001
2020-06-28 17:45:00+00:00,228.564,229.208,228.73,35.0,0001
2020-06-29 02:15:00+00:00,228.782,228.95,228.73,35.0,0001
2020-06-29 18:30:00+00:00,229.208,229.853,229.36,35.0,0001
2020-06-30 03:15:00+00:00,229.438,229.58,229.36,35.0,0001
2020-06-30 19:15:00+00:00,229.853,230.118,229.8,35.0,0001
2020-07-11 11:15:00+00:00,236.568,236.969,236.6,35.0,0001
2020-07-11 11:45:00+00:00,236.58,236.714,236.6,35.0,0001
2020-07-12 02:30:00+00:00,236.969,237.618,237.23,35.0,0001
2020-07-12 15:30:00+00:00,237.315,237.358,237.23,35.0,0001
2020-07-13 03:00:00+00:00,237.618,238.267,237.86,35.0,0001
2020-07-13 15:00:00+00:00,237.931,238.027,237.86,35.0,0001
2020-07-14 03:45:00+00:00,238.267,238.917,238.49,35.0,0001
2020-07-14 15:00:00+00:00,238.565,238.709,238.49,35.0,0001
2020-07-15 04:30:00+00:00,238.917,239.567,239.12,35.0,0001
2020-07-15 13:15:00+00:00,239.147,239.334,239.12,35.0,0001
2020-07-16 05:00:00+00:00,239.567,240.217,239.76,35.0,0001
2020-07-16 16:15:00+00:00,239.862,239.963,239.76,35.0,0001
2020-07-17 05:45:00+00:00,240.217,240.867,240.39,35.0,0001
2020-07-17 15:00:00+00:00,240.459,240.617,240.39,35.0,0001
2020-07-18 06:15:00+00:00,240.867,241.518,241.02,35.0,0001
2020-07-18 18:00:00+00:00,241.176,241.296,241.02,35.0,0001
2020-07-19 07:00:00+00:00,241.518,242.004,241.65,35.0,0001
2020-07-19 20:45:00+00:00,241.88,241.952,241.65,35.0,0001
2020-07-20 07:45:00+00:00,242.169,242.819,242.29,35.0,0001
2020-07-20 17:00:00+00:00,242.414,242.561,242.29,35.0,0001
2020-07-21 08:15:00+00:00,242.819,243.471,242.92,35.0,0001
2020-07-21 20:00:00+00:00,243.125,243.264,242.92,35.0,0001
2020-07-22 09:00:00+00:00,243.471,244.122,243.68,35.0,0001
2020-07-22 18:30:00+00:00,243.723,243.891,243.56,35.0,0001
2020-07-23 09:45:00+00:00,244.122,244.774,244.32,35.0,0001
2020-07-23 19:15:00+00:00,244.373,244.561,244.19,35.0,0001
2020-07-24 10:15:00+00:00,244.774,245.425,244.95,35.0,0001
2020-07-24 20:45:00+00:00,245.046,245.216,244.95,35.0,0001
2020-07-25 11:00:00+00:00,245.425,246.077,245.58,35.0,0001
2020-07-25 21:15:00+00:00,245.693,245.87,245.77,35.0,0001
2020-07-26 11:45:00+00:00,246.077,246.729,246.22,35.0,0001
2020-07-26 21:15:00+00:00,246.333,246.518,246.41,35.0,0001
2020-07-27 12:15:00+00:00,246.729,247.381,246.85,35.0,0001
2020-07-27 22:00:00+00:00,246.986,247.177,247.04,35.0,0001
2020-07-28 13:00:00+00:00,247.381,248.033,247.49,35.0,0001
2020-07-28 22:15:00+00:00,247.624,247.827,247.68,35.0,0001
2020-07-29 13:45:00+00:00,248.033,248.685,248.12,35.0,0001
2020-07-29 23:00:00+00:00,248.279,248.479,248.31,35.0,0001
2020-07-30 14:15:00+00:00,248.685,249.337,248.95,35.0,0001
2020-07-30 23:00:00+00:00,248.914,249.132,248.95,35.0,0001
2020-07-31 15:00:00+00:00,249.337,249.989,249.58,35.0,0001
2020-07-31 23:30:00+00:00,249.562,249.74,249.58,35.0,0001
2020-08-01 15:30:00+00:00,249.989,250.642,250.22,35.0,0001
2020-08-02 05:45:00+00:00,250.361,250.416,250.22,35.0,0001
2020-08-02 16:15:00+00:00,250.642,251.294,250.85,35.0,0001
2020-08-03 01:30:00+00:00,250.883,251.036,250.85,35.0,0001
2020-08-03 17:00:00+00:00,251.294,251.946,251.49,35.0,0001
2020-08-04 03:45:00+00:00,251.579,251.736,251.49,35.0,0001
2020-08-04 17:30:00+00:00,251.946,252.598,252.12,35.0,0001
2020-08-05 03:00:00+00:00,252.192,252.391,252.12,35.0,0001
2020-08-05 18:15:00+00:00,252.598,253.25,252.76,35.0,0001
2020-08-06 04:30:00+00:00,252.866,253.032,252.76,35.0,0001
2020-08-06 19:00:00+00:00,253.25,253.903,253.39,35.0,0001
2020-08-07 04:30:00+00:00,253.501,253.702,253.39,35.0,0001
2020-08-07 19:30:00+00:00,253.903,254.555,254.03,35.0,0001
2020-08-08 04:45:00+00:00,254.146,254.372,254.03,35.0,0001
2020-08-08 20:15:00+00:00,254.555,255.207,254.66,35.0,0001
2020-08-09 04:45:00+00:00,254.779,255.021,254.66,35.0,0001
2020-08-09 21:00:00+00:00,255.207,255.858,255.49,35.0,0001
2020-08-10 05:30:00+00:00,255.435,255.66,255.29,35.0,0001
2020-08-10 21:30:00+00:00,255.858,256.51,256.12,35.0,0001
2020-08-11 06:00:00+00:00,256.082,256.337,256.12,35.0,0001
2020-08-11 22:15:00+00:00,256.51,257.162,256.75,35.0,0001
2020-08-12 06:30:00+00:00,256.73,256.97,256.75,35.0,0001
2020-08-12 22:45:00+00:00,257.162,257.813,257.39,35.0,0001
2020-08-13 08:00:00+00:00,257.401,257.623,257.39,35.0,0001
2020-08-13 23:30:00+00:00,257.813,258.465,258.02,35.0,0001
2020-08-14 08:30:00+00:00,258.053,258.465,258.15,35.0,0001
2020-08-15 00:15:00+00:00,258.465,259.116,258.66,35.0,0001
2020-08-16 00:45:00+00:00,259.116,259.21500000000003,259.005,35.0,0001
2020-09-06 23:00:00+00:00,272.943,273.374,272.98,35.0,0001
2020-09-07 00:30:00+00:00,272.988,273.171,272.98,35.0,0001
2020-09-07 15:15:00+00:00,273.374,274.018,273.61,35.0,0001
2020-09-08 16:00:00+00:00,274.018,274.661,274.23,35.0,0001
2020-09-09 00:45:00+00:00,274.244,274.475,274.23,35.0,0001
2020-09-09 16:45:00+00:00,274.661,275.304,274.86,35.0,0001
2020-09-10 17:15:00+00:00,275.304,275.946,275.48,35.0,0001
2020-09-11 03:15:00+00:00,275.559,275.621,275.48,35.0,0001
2020-09-11 18:00:00+00:00,275.946,276.587,276.11,35.0,0001
2020-09-12 04:15:00+00:00,276.213,276.394,276.11,35.0,0001
2020-09-12 18:45:00+00:00,276.587,277.229,276.73,35.0,0001
2020-09-13 04:15:00+00:00,276.839,277.003,276.73,35.0,0001
2020-09-13 19:15:00+00:00,277.229,277.869,277.36,35.0,0001
2020-09-14 05:15:00+00:00,277.486,277.67,277.36,35.0,0001
2020-09-14 20:00:00+00:00,277.869,278.509,277.98,35.0,0001
2020-09-15 06:45:00+00:00,278.147,278.296,277.98,35.0,0001
2020-09-15 20:45:00+00:00,278.509,279.149,278.6,35.0,0001
2020-09-16 21:15:00+00:00,279.149,279.788,279.41,35.0,0001
2020-09-17 06:30:00+00:00,279.388,279.601,279.23,35.0,0001
2020-09-17 22:00:00+00:00,279.788,280.426,280.03,35.0,0001
2020-09-18 08:15:00+00:00,280.052,280.251,280.03,35.0,0001
2020-09-18 22:30:00+00:00,280.426,281.064,280.66,35.0,0001
2020-09-19 08:30:00+00:00,280.684,280.687,280.47,35.0,0001
2020-09-19 23:15:00+00:00,281.064,281.701,281.28,35.0,0001
2020-09-20 08:15:00+00:00,281.293,281.52,281.28,35.0,0001
2020-09-21 00:00:00+00:00,281.701,282.337,281.9,35.0,0001
2020-09-21 10:15:00+00:00,281.965,282.158,282.02,35.0,0001
2020-09-22 00:30:00+00:00,282.337,282.973,282.51,35.0,0001
2020-09-22 09:45:00+00:00,282.576,282.792,282.64,35.0,0001
2020-09-23 01:15:00+00:00,282.973,283.608,283.13,35.0,0001
2020-09-23 10:45:00+00:00,283.219,283.441,283.26,35.0,0001
2020-09-24 02:00:00+00:00,283.608,284.243,283.75,35.0,0001
2020-09-25 02:30:00+00:00,284.243,284.877,284.49,35.0,0001
2020-09-25 11:45:00+00:00,284.48,284.698,284.49,35.0,0001
2020-09-26 03:15:00+00:00,284.877,285.51,285.11,35.0,0001
2020-09-26 14:00:00+00:00,285.153,285.308,285.11,35.0,0001
2020-09-27 04:00:00+00:00,285.51,286.142,285.73,35.0,0001
2020-09-27 13:15:00+00:00,285.75,286.022,285.73,35.0,0001
2020-09-28 04:30:00+00:00,286.142,286.774,286.34,35.0,0001
2020-09-28 14:15:00+00:00,286.389,286.608,286.34,35.0,0001
2020-09-29 05:15:00+00:00,286.774,287.405,286.96,35.0,0001
2020-09-29 14:30:00+00:00,287.012,287.247,286.96,35.0,0001
2020-09-30 06:00:00+00:00,287.405,288.036,287.57,35.0,0001
2020-09-30 15:15:00+00:00,287.643,287.829,287.57,35.0,0001
2020-10-01 06:30:00+00:00,288.036,288.665,288.18,35.0,0001
2020-10-02 07:15:00+00:00,288.665,289.294,288.8,35.0,0001
2020-10-02 19:45:00+00:00,288.984,289.01,288.8,35.0,0001
2020-10-03 07:45:00+00:00,289.294,289.923,289.41,35.0,0001
2020-10-03 23:00:00+00:00,289.677,289.684,289.53,35.0,0001
2020-10-04 08:30:00+00:00,289.923,290.55,290.02,35.0,0001
2020-10-05 09:15:00+00:00,290.55,291.177,290.75,35.0,0001
2020-10-05 16:15:00+00:00,290.733,290.759,290.63,35.0,0001
2020-10-06 09:45:00+00:00,291.177,291.803,291.36,35.0,0001
2020-10-07 10:30:00+00:00,291.803,292.428,291.97,35.0,0001
2020-10-08 11:15:00+00:00,292.428,293.052,292.58,35.0,0001
2020-10-09 11:45:00+00:00,293.052,293.676,293.19,35.0,0001
2020-10-10 12:30:00+00:00,293.676,294.299,293.79,35.0,0001
2020-10-11 13:15:00+00:00,294.299,294.921,294.4,35.0,0001
2020-10-12 13:45:00+00:00,294.921,295.542,295.0,35.0,0001
2020-10-13 03:30:00+00:00,295.264,295.269,295.19,35.0,0001
2020-10-13 14:30:00+00:00,295.542,296.162,295.79,35.0,0001
2020-10-14 15:00:00+00:00,296.162,296.782,296.39,35.0,0001
2020-10-15 00:45:00+00:00,296.406,296.615,296.39,35.0,0001
2020-10-15 15:45:00+00:00,296.782,297.4,297.0,35.0,0001
2020-10-16 04:00:00+00:00,297.087,297.209,297.0,35.0,0001
2020-10-16 16:30:00+00:00,297.4,298.018,297.6,35.0,0001
2020-10-17 02:15:00+00:00,297.648,297.894,297.6,35.0,0001
2020-10-17 17:00:00+00:00,298.018,298.635,298.2,35.0,0001
2020-10-18 02:15:00+00:00,298.25,298.635,298.2,35.0,0001
2020-10-18 17:45:00+00:00,298.635,299.18399999999997,298.8,35.0,0001
2020-10-19 18:30:00+00:00,299.251,299.866,299.4,35.0,0001
2020-10-20 06:30:00+00:00,299.552,299.694,299.4,35.0,0001
2020-10-20 19:00:00+00:00,299.866,300.481,300.0,35.0,0001
2020-10-21 05:00:00+00:00,300.113,300.302,300.0,35.0,0001
2020-10-21 19:45:00+00:00,300.481,301.094,300.6,35.0,0001
2020-10-22 07:30:00+00:00,300.771,300.901,300.6,35.0,0001
2020-10-22 20:30:00+00:00,301.094,301.707,301.19,35.0,0001
2020-10-23 21:00:00+00:00,301.707,302.318,301.97,35.0,0001
2020-10-24 21:45:00+00:00,302.318,302.929,302.56,35.0,0001
2020-10-25 12:00:00+00:00,302.673,302.753,302.68,35.0,0001
2020-10-25 22:15:00+00:00,302.929,303.539,303.16,35.0,0001
2020-10-26 23:00:00+00:00,303.539,303.954,303.57,35.0,0001
2020-10-28 22:45:00+00:00,304.715,304.756,304.58,35.0,0001
2020-10-29 00:15:00+00:00,304.756,305.363,304.93,35.0,0001
2020-10-29 11:45:00+00:00,305.037,305.181,305.05,35.0,0001
2020-10-30 01:00:00+00:00,305.363,305.97,305.52,35.0,0001
2020-10-30 12:00:00+00:00,305.631,305.737,305.64,35.0,0001
2020-10-31 01:45:00+00:00,305.97,306.575,306.11,35.0,0001
2020-10-31 13:15:00+00:00,306.252,306.371,306.23,35.0,0001
2020-11-01 02:15:00+00:00,306.575,307.179,306.82,35.0,0001
2020-11-01 11:45:00+00:00,306.808,306.968,306.82,35.0,0001
2020-11-02 03:00:00+00:00,307.179,307.783,307.41,35.0,0001
2020-11-02 13:45:00+00:00,307.442,307.614,307.41,35.0,0001
2020-11-03 03:45:00+00:00,307.783,308.385,308.0,35.0,0001
2020-11-03 13:45:00+00:00,308.031,308.204,308.0,35.0,0001
2020-11-04 04:15:00+00:00,308.385,308.987,308.58,35.0,0001
2020-11-04 15:00:00+00:00,308.647,308.808,308.58,35.0,0001
2020-11-05 05:00:00+00:00,308.987,309.587,309.17,35.0,0001
2020-11-05 15:00:00+00:00,309.232,309.399,309.17,35.0,0001
2020-11-06 05:45:00+00:00,309.587,310.187,309.75,35.0,0001
2020-11-06 16:45:00+00:00,309.857,309.986,309.75,35.0,0001
2020-11-07 06:15:00+00:00,310.187,310.786,310.34,35.0,0001
2020-11-07 16:30:00+00:00,310.437,310.593,310.34,35.0,0001
2020-11-08 07:00:00+00:00,310.786,311.384,310.92,35.0,0001
2020-11-08 18:30:00+00:00,311.066,311.177,310.92,35.0,0001
2020-11-09 07:30:00+00:00,311.384,311.98,311.5,35.0,0001
2020-11-09 19:15:00+00:00,311.667,311.759,311.5,35.0,0001
2020-11-10 08:15:00+00:00,311.98,312.416,312.08,35.0,0001
2020-11-10 19:30:00+00:00,312.251,312.416,312.08,35.0,0001
2020-11-11 15:00:00+00:00,312.725,313.08050000000003,312.805,35.0,0001
2020-11-12 09:30:00+00:00,313.171,313.765,313.35,35.0,0001
2020-11-12 21:45:00+00:00,313.462,313.582,313.35,35.0,0001
2020-11-13 10:15:00+00:00,313.765,314.358,313.93,35.0,0001
2020-11-13 21:15:00+00:00,314.031,314.114,313.93,35.0,0001
2020-11-14 11:00:00+00:00,314.358,314.95,314.51,35.0,0001
2020-11-14 21:45:00+00:00,314.618,314.749,314.68,35.0,0001
2020-11-15 11:30:00+00:00,314.95,315.541,315.08,35.0,0001
2020-11-15 22:15:00+00:00,315.205,315.289,315.08,35.0,0001
2020-11-16 12:15:00+00:00,315.541,316.13,315.66,35.0,0001
2020-11-16 17:45:00+00:00,315.672,315.979,315.66,35.0,0001
2020-11-17 13:00:00+00:00,316.13,316.719,316.23,35.0,0001
2020-11-17 23:30:00+00:00,316.386,316.527,316.41,35.0,0001
2020-11-18 13:30:00+00:00,316.719,317.307,316.81,35.0,0001
2020-11-19 00:00:00+00:00,316.968,317.08,316.98,35.0,0001
2020-11-19 14:15:00+00:00,317.307,317.894,317.38,35.0,0001
2020-11-20 02:00:00+00:00,317.589,317.657,317.55,35.0,0001
2020-11-20 14:45:00+00:00,317.894,318.48,318.12,35.0,0001
2020-11-21 01:00:00+00:00,318.136,318.275,318.12,35.0,0001
2020-11-21 15:30:00+00:00,318.48,319.065,318.69,35.0,0001
2020-11-22 07:45:00+00:00,318.867,318.87,318.69,35.0,0001
2020-11-22 16:15:00+00:00,319.065,319.649,319.26,35.0,0001
2020-11-23 05:00:00+00:00,319.369,319.475,319.26,35.0,0001
2020-11-23 16:45:00+00:00,319.649,320.232,319.83,35.0,0001
2020-11-24 17:30:00+00:00,320.232,320.814,320.4,35.0,0001
2020-11-25 18:15:00+00:00,320.814,321.395,320.96,35.0,0001
2020-11-26 18:45:00+00:00,321.395,321.975,321.53,35.0,0001
2020-11-27 08:30:00+00:00,321.715,321.741,321.53,35.0,0001
2020-11-27 19:30:00+00:00,321.975,322.554,322.09,35.0,0001
2020-11-28 11:15:00+00:00,322.348,322.395,322.26,35.0,0001
2020-11-28 20:15:00+00:00,322.554,322.909,322.65,35.0,0001
2020-11-29 22:30:00+00:00,323.17,323.709,323.39,35.0,0001
2020-11-30 21:30:00+00:00,323.709,324.285,323.95,35.0,0001
2020-12-01 22:15:00+00:00,324.285,324.86,324.51,35.0,0001
2020-12-02 22:45:00+00:00,324.86,325.434,325.07,35.0,0001
2020-12-03 23:30:00+00:00,325.434,326.007,325.62,35.0,0001
2020-12-05 00:00:00+00:00,326.007,326.2,326.01,35.0,0001
2020-12-09 23:15:00+00:00,328.76,328.857,328.79,35.0,0001
2020-12-10 03:30:00+00:00,328.857,329.153,328.95,35.0,0001
2020-12-12 02:30:00+00:00,329.937,329.989,329.89,35.0,0001
2020-12-12 04:45:00+00:00,329.989,330.554,330.17,35.0,0001
2020-12-13 05:30:00+00:00,330.554,330.857,330.61,35.0,0001
2020-12-15 04:00:00+00:00,331.617,331.681,331.54,35.0,0001
2020-12-15 06:45:00+00:00,331.681,331.983,331.7,35.0,0001
2020-12-21 03:15:00+00:00,334.873,335.038,334.81,35.0,0001
2020-12-21 10:45:00+00:00,335.038,335.594,335.19,35.0,0001
2020-12-22 11:15:00+00:00,335.594,336.148,335.73,35.0,0001
2020-12-23 12:00:00+00:00,336.148,336.702,336.27,35.0,0001
2020-12-24 12:45:00+00:00,336.702,337.255,336.8,35.0,0001
2020-12-25 13:15:00+00:00,337.255,337.807,337.34,35.0,0001
2020-12-26 14:00:00+00:00,337.807,338.358,337.88,35.0,0001
2020-12-27 14:30:00+00:00,338.358,338.908,338.58,35.0,0001
2020-12-28 15:15:00+00:00,338.908,339.457,339.11,35.0,0001
2020-12-29 16:00:00+00:00,339.457,340.005,339.65,35.0,0001
2020-12-30 16:30:00+00:00,340.005,340.552,340.18,35.0,0001
2020-12-31 17:15:00+00:00,340.552,341.099,340.71,36.0,0001
2021-01-01 18:00:00+00:00,341.099,341.644,341.24,36.0,0001
2021-01-02 18:30:00+00:00,341.644,342.188,341.77,36.0,0001
2021-01-03 13:30:00+00:00,342.064,342.09,341.93,36.0,0001
2021-01-03 19:15:00+00:00,342.188,342.731,342.3,36.0,0001
2021-01-04 20:00:00+00:00,342.731,343.273,342.83,36.0,0001
2021-01-05 20:30:00+00:00,343.273,343.815,343.36,36.0,0001
2021-01-06 21:15:00+00:00,343.815,344.355,344.04,36.0,0001
2021-01-07 22:00:00+00:00,344.355,344.894,344.57,36.0,0001
2021-01-08 22:30:00+00:00,344.894,345.064,344.93,36.0,0001
2021-01-11 01:30:00+00:00,346.004,346.507,346.14,36.0,0001
2021-01-12 00:30:00+00:00,346.507,347.042,346.66,36.0,0001
2021-01-13 01:15:00+00:00,347.042,347.577,347.18,36.0,0001
2021-01-13 23:45:00+00:00,347.531,347.56,347.39,36.0,0001
2021-01-14 01:45:00+00:00,347.577,348.111,347.7,36.0,0001
2021-01-15 02:30:00+00:00,348.111,348.643,348.32,36.0,0001
2021-01-16 03:15:00+00:00,348.643,349.175,348.84,36.0,0001
2021-01-17 03:45:00+00:00,349.175,349.706,349.36,36.0,0001
2021-01-18 04:30:00+00:00,349.706,350.236,349.88,36.0,0001
2021-01-19 00:15:00+00:00,350.134,350.22,350.13,36.0,0001
2021-01-19 05:15:00+00:00,350.236,350.765,350.39,36.0,0001
2021-01-19 23:30:00+00:00,350.63,350.654,350.49,36.0,0001
2021-01-20 05:45:00+00:00,350.765,351.294,350.91,36.0,0001
2021-01-21 06:30:00+00:00,351.294,351.821,351.42,36.0,0001
2021-01-22 07:00:00+00:00,351.821,352.347,351.93,36.0,0001
2021-01-23 07:45:00+00:00,352.347,352.873,352.45,36.0,0001
2021-01-24 08:30:00+00:00,352.873,353.397,352.96,36.0,0001
2021-01-25 09:00:00+00:00,353.397,353.921,353.57,36.0,0001
2021-01-26 09:45:00+00:00,353.921,354.444,354.08,36.0,0001
2021-01-27 10:30:00+00:00,354.444,354.966,354.59,36.0,0001
2021-01-28 11:00:00+00:00,354.966,355.487,355.09,36.0,0001
2021-01-29 11:45:00+00:00,355.487,356.007,355.6,36.0,0001
2021-01-30 12:30:00+00:00,356.007,356.526,356.11,36.0,0001
2021-01-31 13:00:00+00:00,356.526,357.045,356.61,36.0,0001
2021-02-01 13:45:00+00:00,357.045,357.562,357.12,36.0,0001
2021-02-02 14:15:00+00:00,357.562,358.079,357.77,36.0,0001
2021-02-03 15:00:00+00:00,358.079,358.595,358.27,36.0,0001
2021-02-04 15:45:00+00:00,358.595,359.11,358.78,36.0,0001
2021-02-05 16:15:00+00:00,359.11,359.624,359.28,36.0,0001
2021-02-06 17:00:00+00:00,359.624,0.137,359.78,36.0,0001
2021-02-07 17:45:00+00:00,0.137,0.65,0.28,36.0,0001
2021-02-08 18:15:00+00:00,0.65,1.161,0.77,36.0,0001
2021-02-09 11:45:00+00:00,1.009,1.037,0.92,36.0,0001
2021-02-09 19:00:00+00:00,1.161,1.672,1.27,36.0,0001
2021-02-10 19:45:00+00:00,1.672,2.182,1.77,36.0,0001
2021-02-11 19:45:00+00:00,2.169,2.182,2.02,36.0,0001
2021-02-11 20:15:00+00:00,2.182,2.4429999999999996,2.145,36.0,0001
2021-02-12 21:00:00+00:00,2.691,3.2,2.91,36.0,0001
2021-02-13 21:45:00+00:00,3.2,3.326,3.26,36.0,0001
2021-02-18 19:45:00+00:00,5.623,5.73,5.47,36.0,0001
2021-02-19 01:00:00+00:00,5.73,5.8774999999999995,5.72,36.0,0001
2021-02-28 01:15:00+00:00,10.121,10.235,10.1,36.0,0001
2021-02-28 05:30:00+00:00,10.208,10.232,10.1,36.0,0001
2021-02-28 06:45:00+00:00,10.235,10.569,10.34,36.0,0001
2021-03-01 10:30:00+00:00,10.793,11.227,10.83,36.0,0001
2021-03-02 08:15:00+00:00,11.227,11.723,11.31,36.0,0001
2021-03-03 08:45:00+00:00,11.723,12.217,11.79,36.0,0001
2021-03-04 09:30:00+00:00,12.217,12.711,12.37,36.0,0001
2021-03-05 10:15:00+00:00,12.711,13.204,12.85,36.0,0001
2021-03-06 10:45:00+00:00,13.204,13.697,13.33,36.0,0001
2021-03-07 10:30:00+00:00,13.679,13.697,13.62,36.0,0001
2021-03-07 11:30:00+00:00,13.697,13.9485,13.715,36.0,0001
2021-03-08 12:15:00+00:00,14.189,14.68,14.29,36.0,0001
2021-03-09 12:45:00+00:00,14.68,15.17,14.77,36.0,0001
2021-03-10 13:30:00+00:00,15.17,15.66,15.24,36.0,0001
2021-03-11 14:00:00+00:00,15.66,16.149,15.72,36.0,0001
2021-03-12 14:45:00+00:00,16.149,16.637,16.34,36.0,0001
2021-03-13 10:15:00+00:00,16.534,16.56,16.48,36.0,0001
2021-03-13 15:30:00+00:00,16.637,16.795,16.57,36.0,0001
2021-03-15 20:00:00+00:00,17.674,18.098,17.76,36.0,0001
2021-03-16 17:30:00+00:00,18.098,18.584,18.23,36.0,0001
2021-03-17 18:00:00+00:00,18.584,19.069,18.71,36.0,0001
2021-03-18 14:15:00+00:00,18.982,19.004,18.94,36.0,0001
2021-03-18 18:45:00+00:00,19.069,19.554,19.18,36.0,0001
2021-03-19 19:30:00+00:00,19.554,20.037,19.65,36.0,0001
2021-03-20 20:00:00+00:00,20.037,20.521,20.12,36.0,0001
2021-03-21 20:45:00+00:00,20.521,21.003,20.59,36.0,0001
2021-03-22 21:30:00+00:00,21.003,21.485,21.2,36.0,0001
2021-03-23 22:00:00+00:00,21.485,21.526,21.39,36.0,0001
2021-03-26 00:45:00+00:00,22.473,22.927,22.6,36.0,0001
2021-03-27 00:00:00+00:00,22.927,23.225,22.93,36.0,0001
2021-03-29 04:15:00+00:00,23.944,24.364,24.1,36.0,0001
2021-03-29 23:30:00+00:00,24.315,24.338,24.19,36.0,0001
2021-03-30 02:00:00+00:00,24.364,24.7,24.33,36.0,0001
2021-03-31 05:45:00+00:00,24.901,25.319,25.03,36.0,0001
2021-03-31 22:30:00+00:00,25.226,25.248,25.12,36.0,0001
2021-04-01 03:15:00+00:00,25.319,25.654,25.4,36.0,0001
2021-04-02 07:00:00+00:00,25.856,26.272,25.95,36.0,0001
2021-04-03 04:45:00+00:00,26.272,26.63,26.42,36.0,0001
2021-04-04 06:15:00+00:00,26.766,27.222,26.88,36.0,0001
2021-04-05 06:00:00+00:00,27.222,27.696,27.34,36.0,0001
2021-04-06 06:30:00+00:00,27.696,28.17,27.8,36.0,0001
2021-04-07 07:15:00+00:00,28.17,28.644,28.26,36.0,0001
2021-04-07 10:30:00+00:00,28.231,28.563,28.26,36.0,0001
2021-04-08 08:00:00+00:00,28.644,29.116,28.72,36.0,0001
2021-04-08 22:00:00+00:00,28.914,28.936,28.82,36.0,0001
2021-04-09 08:30:00+00:00,29.116,29.589,29.18,36.0,0001
2021-04-09 11:15:00+00:00,29.169,29.203,29.09,36.0,0001
2021-04-10 09:15:00+00:00,29.589,29.939,29.64,36.0,0001
2021-04-11 18:45:00+00:00,30.228,30.532,30.33,36.0,0001
2021-04-12 10:30:00+00:00,30.532,31.002,30.65,36.0,0001
2021-04-13 11:15:00+00:00,31.002,31.291,31.02,36.0,0001
2021-04-15 10:15:00+00:00,31.899,31.942,31.84,36.0,0001
2021-04-15 12:30:00+00:00,31.942,32.412,32.03,36.0,0001
2021-04-16 13:15:00+00:00,32.412,32.88,32.48,36.0,0001
2021-04-17 14:00:00+00:00,32.88,33.232,32.85,36.0,0001
2021-04-17 18:30:00+00:00,32.969,32.992,32.85,36.0,0001
2021-04-19 17:15:00+00:00,33.856,34.145,33.85,36.0,0001
2021-04-21 05:45:00+00:00,34.546,34.751,34.58,36.0,0001
2021-04-21 13:15:00+00:00,34.687,34.709,34.58,36.0,0001
2021-04-21 16:30:00+00:00,34.751,35.217,34.89,36.0,0001
2021-04-22 17:15:00+00:00,35.217,35.683,35.35,36.0,0001
2021-04-23 17:45:00+00:00,35.683,36.037,35.8,36.0,0001
2021-04-25 00:15:00+00:00,36.255,36.323,36.25,36.0,0001
2021-04-25 20:00:00+00:00,36.631,37.078,36.71,36.0,0001
2021-04-26 17:30:00+00:00,37.034,37.056,36.93,36.0,0001
2021-04-26 19:45:00+00:00,37.078,37.543,37.16,36.0,0001
2021-04-27 20:30:00+00:00,37.543,38.006,37.61,36.0,0001
2021-04-28 21:15:00+00:00,38.006,38.47,38.2,36.0,0001
2021-04-29 18:45:00+00:00,38.415,38.422,38.29,36.0,0001
2021-04-29 21:45:00+00:00,38.47,38.933,38.65,36.0,0001
2021-04-30 22:30:00+00:00,38.933,39.281,38.96,36.0,0001
2021-05-02 00:00:00+00:00,39.413,39.858,39.55,36.0,0001
2021-05-02 00:30:00+00:00,39.419,39.451,39.28,36.0,0001
2021-05-02 23:45:00+00:00,39.858,40.319,40.0,36.0,0001
2021-05-03 21:30:00+00:00,40.263,40.319,40.18,36.0,0001
2021-05-04 00:30:00+00:00,40.319,40.616,40.38,36.0,0001
2021-05-05 01:00:00+00:00,40.781,41.242,40.9,36.0,0001
2021-05-05 22:45:00+00:00,41.186,41.242,41.07,36.0,0001
2021-05-06 01:45:00+00:00,41.242,41.501999999999995,41.275000000000006,36.0,0001
2021-05-07 02:30:00+00:00,41.702,42.163,41.88,36.0,0001
2021-05-08 03:00:00+00:00,42.163,42.623,42.33,36.0,0001
2021-05-09 03:45:00+00:00,42.623,42.774,42.55,36.0,0001
2021-05-13 08:15:00+00:00,44.495,44.569,44.34,36.0,0001
2021-05-14 22:15:00+00:00,45.197500000000005,45.292,45.23,36.0,0001
2021-05-15 19:00:00+00:00,45.585,45.611,45.45,36.0,0001
2021-05-16 22:00:00+00:00,46.087,46.266,46.12,36.0,0001
2021-05-16 22:45:00+00:00,46.102,46.264,46.12,36.0,0001
2021-05-18 12:45:00+00:00,46.805,47.172,46.79,36.0,0001
2021-05-19 00:00:00+00:00,47.011,47.167,47.01,36.0,0001
2021-05-20 12:00:00+00:00,47.676,48.049,47.68,36.0,0001
2021-05-21 00:45:00+00:00,47.913,48.044,47.9,36.0,0001
2021-05-22 23:30:00+00:00,48.78,49.027,48.79,36.0,0001
2021-05-23 11:00:00+00:00,48.99,49.027,48.92,36.0,0001
2021-05-23 13:00:00+00:00,49.027,49.087,49.01,36.0,0001
2021-05-25 11:15:00+00:00,49.881,49.937,49.8,36.0,0001
2021-05-25 14:15:00+00:00,49.937,49.96,49.89,36.0,0001
2021-05-27 12:30:00+00:00,50.79,50.846,50.78,36.0,0001
2021-05-27 15:30:00+00:00,50.846,50.868,50.78,36.0,0001
2021-06-01 02:00:00+00:00,52.803,53.018,52.76,36.0,0001
2021-06-02 01:00:00+00:00,53.227,53.566,53.2,36.0,0001
2021-06-02 19:30:00+00:00,53.566,53.689,53.42,36.0,0001
2021-06-05 08:15:00+00:00,54.68,54.717,54.53,36.0,0001
2021-06-07 23:45:00+00:00,55.846,55.927,55.85,36.0,0001
2021-06-10 01:15:00+00:00,56.749,56.821,56.72,36.0,0001
2021-06-11 01:45:00+00:00,57.2,57.281,57.16,36.0,0001
2021-06-13 22:45:00+00:00,58.461,58.463,58.35,36.0,0001
2021-06-16 00:00:00+00:00,59.362,59.364,59.23,36.0,0001
2021-06-17 00:45:00+00:00,59.812,59.814,59.66,36.0,0001
2021-06-18 01:30:00+00:00,60.263,60.264,60.1,36.0,0001
2021-06-19 17:30:00+00:00,60.994,61.024,60.89,36.0,0001
2021-06-20 07:45:00+00:00,61.255,61.33,61.11,36.0,0001
2021-06-22 09:00:00+00:00,62.154,62.255,62.12,36.0,0001
2021-06-23 20:15:00+00:00,62.795,62.808,62.64,36.0,0001
2021-06-24 10:30:00+00:00,63.053,63.131,62.99,36.0,0001
2021-06-25 11:00:00+00:00,63.502,63.597,63.52,36.0,0001
2021-06-28 11:00:00+00:00,64.814,64.832,64.74,36.0,0001
2021-06-28 12:00:00+00:00,64.832,64.954,64.83,36.0,0001
2021-06-29 15:00:00+00:00,65.322,65.387,65.26,36.0,0001
2021-06-30 14:15:00+00:00,65.746,65.854,65.7,36.0,0001
2021-07-01 15:00:00+00:00,66.195,66.627,66.36,36.0,0001
2021-07-02 11:30:00+00:00,66.567,66.611,66.49,36.0,0001
2021-07-02 14:45:00+00:00,66.627,66.753,66.57,36.0,0001
2021-07-05 15:45:00+00:00,67.955,67.973,67.88,36.0,0001
2021-07-05 16:45:00+00:00,67.973,68.085,67.88,36.0,0001
2021-07-06 18:30:00+00:00,68.441,68.494,68.32,36.0,0001
2021-07-08 19:45:00+00:00,69.338,69.425,69.19,36.0,0001
2021-07-10 19:00:00+00:00,70.198,70.216,70.07,36.0,0001
2021-07-10 20:00:00+00:00,70.216,70.284,70.07,36.0,0001
2021-07-11 22:45:00+00:00,70.703,70.781,70.72,36.0,0001
2021-07-12 23:30:00+00:00,71.151,71.2,71.03,36.0,0001
2021-07-13 23:00:00+00:00,71.581,71.648,71.46,36.0,0001
2021-07-15 00:45:00+00:00,72.048,72.097,72.03,36.0,0001
2021-07-16 00:15:00+00:00,72.478,72.906,72.6,36.0,0001
2021-07-17 00:00:00+00:00,72.906,73.003,72.9,36.0,0001
2021-07-17 00:45:00+00:00,72.92,72.941,72.77,36.0,0001
2021-07-18 12:30:00+00:00,73.571,73.602,73.47,36.0,0001
2021-07-20 05:00:00+00:00,74.309,74.701,74.43,36.0,0001
2021-07-21 02:30:00+00:00,74.701,74.818,74.65,36.0,0001
2021-07-24 09:00:00+00:00,76.127,76.171,76.09,36.0,0001
2021-07-25 07:30:00+00:00,76.539,76.597,76.4,36.0,0001
2021-07-29 08:45:00+00:00,78.308,78.402,78.14,36.0,0001
2021-08-01 14:00:00+00:00,79.715,80.089,79.76,36.0,0001
2021-08-02 10:30:00+00:00,80.089,80.202,80.11,36.0,0001
2021-08-04 10:45:00+00:00,80.971,80.988,80.9,36.0,0001
2021-08-04 11:45:00+00:00,80.988,81.103,80.99,36.0,0001
2021-08-05 16:45:00+00:00,81.514,81.551,81.43,36.0,0001
2021-08-07 17:30:00+00:00,82.405,82.474,82.3,36.0,0001
2021-08-09 19:15:00+00:00,83.315,83.352,83.18,36.0,0001
2021-08-10 18:15:00+00:00,83.736,83.809,83.62,36.0,0001
2021-08-11 19:30:00+00:00,84.198,84.591,84.27,36.0,0001
2021-08-12 17:00:00+00:00,84.591,84.712,84.49,36.0,0001
2021-08-14 03:00:00+00:00,85.21,85.268,85.15,36.0,0001
2021-08-16 22:30:00+00:00,86.447,86.521,86.34,36.0,0001
2021-08-17 22:45:00+00:00,86.893,86.956,86.78,36.0,0001
2021-08-18 23:45:00+00:00,87.352,87.426,87.35,36.0,0001
2021-08-20 00:30:00+00:00,87.802,87.858,87.79,36.0,0001
2021-08-21 02:15:00+00:00,88.277,88.333,88.23,36.0,0001
2021-08-22 02:30:00+00:00,88.721,88.759,88.67,36.0,0001
2021-08-23 00:45:00+00:00,89.13,89.24,89.11,36.0,0001
2021-08-24 04:30:00+00:00,89.639,89.676,89.55,36.0,0001
2021-08-25 02:00:00+00:00,90.037,90.47,90.13,36.0,0001
2021-08-25 03:15:00+00:00,90.057,90.093,89.99,36.0,0001
2021-08-26 01:45:00+00:00,90.47,90.584,90.43,36.0,0001
2021-08-30 05:30:00+00:00,92.307,92.404,92.2,36.0,0001
2021-08-31 08:00:00+00:00,92.8,92.837,92.65,36.0,0001
2021-09-02 09:30:00+00:00,93.71,93.766,93.66,36.0,0001
2021-09-03 11:00:00+00:00,94.185,94.228,94.11,36.0,0001
2021-09-04 09:45:00+00:00,94.603,94.667,94.55,36.0,0001
2021-09-05 11:30:00+00:00,95.078,95.142,94.99,36.0,0001
2021-09-14 17:15:00+00:00,99.196,99.252,99.09,36.0,0001
2021-09-15 18:00:00+00:00,99.658,99.71,99.54,36.0,0001
2021-09-18 21:00:00+00:00,101.058,101.095,100.97,36.0,0001
2021-09-21 19:45:00+00:00,102.381,102.478,102.23,36.0,0001
2021-09-24 00:15:00+00:00,103.367,103.403,103.22,36.0,0001
2021-11-11 23:45:00+00:00,125.983,125.985,125.84,36.0,0001
2021-11-13 23:00:00+00:00,126.922,126.924,126.79,36.0,0001
2021-11-15 22:00:00+00:00,127.854,128.025,127.89,36.0,0001
2021-11-16 00:15:00+00:00,127.902,127.993,127.89,36.0,0001
2021-11-16 06:30:00+00:00,128.025,128.168,127.89,36.0,0001
2021-11-17 08:15:00+00:00,128.538,128.688,128.51,36.0,0001
2021-11-18 15:30:00+00:00,129.164,129.311,129.09,36.0,0001
2021-11-20 16:30:00+00:00,130.143,130.342,130.05,36.0,0001
2021-11-23 07:00:00+00:00,131.397,131.481,131.25,36.0,0001
2021-11-23 11:00:00+00:00,131.481,131.978,131.59,36.0,0001
2021-11-24 11:45:00+00:00,131.978,132.102,131.98,36.0,0001
2021-11-27 09:30:00+00:00,133.387,133.472,133.34,36.0,0001
2021-11-27 13:45:00+00:00,133.472,133.597,133.43,36.0,0001
2021-12-04 02:30:00+00:00,136.659,136.901,136.61,36.0,0001
2021-12-04 12:30:00+00:00,136.866,136.894,136.75,36.0,0001
2021-12-06 15:30:00+00:00,137.909,137.996,137.84,36.0,0001
2021-12-06 19:45:00+00:00,137.996,138.122,137.84,36.0,0001
2021-12-06 22:45:00+00:00,138.057,138.088,137.94,36.0,0001
2021-12-10 23:15:00+00:00,140.047,140.537,140.21,36.0,0001
2021-12-11 01:30:00+00:00,140.092,140.103,139.91,36.0,0001
2021-12-11 23:00:00+00:00,140.537,140.658,140.56,36.0,0001
2021-12-13 17:00:00+00:00,141.408,141.559,141.3,36.0,0001
2021-12-14 00:15:00+00:00,141.559,141.602,141.4,36.0,0001
2021-12-16 00:30:00+00:00,142.561,142.584,142.4,36.0,0001
2021-12-16 01:30:00+00:00,142.584,143.098,142.7,36.0,0001
2021-12-16 22:30:00+00:00,143.02,143.046,142.9,36.0,0001
2021-12-17 02:15:00+00:00,143.098,143.457,143.05,36.0,0001
2021-12-26 04:45:00+00:00,147.69,147.762,147.59,36.0,0001
2021-12-26 08:15:00+00:00,147.762,148.101,147.84,36.0,0001
2021-12-28 04:45:00+00:00,148.707,148.808,148.61,36.0,0001
2021-12-28 09:30:00+00:00,148.808,149.333,148.96,36.0,0001
2021-12-29 10:15:00+00:00,149.333,149.676,149.37,36.0,0001
2022-02-07 01:00:00+00:00,170.27,170.327,170.25,37.0,0001
2022-02-08 08:30:00+00:00,170.986,171.079,170.8,37.0,0001
2022-02-08 12:30:00+00:00,171.079,171.114,170.96,37.0,0001
2022-02-09 14:15:00+00:00,171.667,171.784,171.62,37.0,0001
2022-02-13 02:30:00+00:00,173.601,173.731,173.55,37.0,0001
2022-02-13 06:00:00+00:00,173.682,173.709,173.55,37.0,0001
2022-02-18 10:45:00+00:00,176.567,176.761,176.6,37.0,0001
2022-02-18 19:15:00+00:00,176.761,176.891,176.6,37.0,0001
2022-02-20 01:00:00+00:00,177.453,177.91,177.44,37.0,0001
2022-02-20 20:30:00+00:00,177.91,177.964,177.72,37.0,0001
2022-02-23 13:30:00+00:00,179.431,179.502,179.4,37.0,0001
2022-02-24 11:00:00+00:00,179.937,180.002,179.85,37.0,0001
2022-03-03 23:30:00+00:00,184.199,184.298,184.22,37.0,0001
2022-03-04 03:45:00+00:00,184.298,184.396,184.22,37.0,0001
2022-03-08 18:45:00+00:00,186.945,187.144,186.91,37.0,0001
2022-03-10 11:45:00+00:00,187.931,188.131,187.95,37.0,0001
2022-03-14 01:00:00+00:00,189.986,190.161,189.97,37.0,0001
2022-03-15 17:15:00+00:00,190.96,191.405,191.13,37.0,0001
2022-03-16 11:45:00+00:00,191.405,191.63,191.43,37.0,0001
2022-03-28 15:30:00+00:00,198.547,198.65,198.48,37.0,0001
2022-03-28 15:45:00+00:00,198.559,198.65,198.48,37.0,0001
2022-03-28 19:30:00+00:00,198.65,198.77949999999998,198.48,37.0,0001
2022-04-04 11:00:00+00:00,202.609,202.801,202.65,37.0,0001
2022-04-07 05:30:00+00:00,204.272,204.471,204.15,37.0,0001
2022-04-09 09:45:00+00:00,205.583,205.954,205.65,37.0,0001
2022-04-09 21:45:00+00:00,205.884,205.906,205.77,37.0,0001
2022-04-12 00:45:00+00:00,207.165,207.267,207.16,37.0,0001
2022-04-12 04:45:00+00:00,207.267,207.47,207.16,37.0,0001
2022-04-24 19:45:00+00:00,214.958,215.097,214.78,37.0,0001
2022-04-26 04:45:00+00:00,215.806,216.044,215.7,37.0,0001
2022-04-26 14:00:00+00:00,216.044,216.229,216.01,37.0,0001
2022-04-29 23:15:00+00:00,218.127,218.578,218.17,37.0,0001
2022-04-30 16:45:00+00:00,218.578,218.737,218.47,37.0,0001
2022-05-01 23:30:00+00:00,219.371,219.531,219.4,37.0,0001
