Sol,Activity,min_rod_temp,avg_rod_temp,max_rod_temp,min_wind_speed,avg_wind_speed,max_wind_speed,wind_dir_volatility,Solar longitude (deg),age_factor
14,No runout,193.9497098321343,228.77197260872032,258.29772222222226,6.307180000000001,8.950617168141246,11.18330855855856,7.361200756208368,304.22,0.0
15,Runout,181.0492362962963,214.92284053777485,264.2343881481481,2.400286458333333,5.076588975872717,7.775539999999999,14.746205286665557,304.83,0.015151515151515152
16,No runout,182.00106222222223,214.58589821970546,260.18451407407406,3.897984076433121,6.618886420631745,10.395,14.436147092104157,305.44,0.030303030303030304
17,Runout,182.4126977777778,214.85231013478696,262.392504804139,3.941426666666666,6.240831768421877,8.49018,11.352655174721292,306.04,0.045454545454545456
18,No runout,182.80517555555556,215.35807730509276,262.17304814814815,2.614822580645161,5.9617565548040945,9.237953229398665,14.699513183063052,306.65,0.06060606060606061
19,Runout,182.58030962962968,213.5559637086319,259.17171777777776,4.050953333333333,8.018812624000725,12.03523777777778,4.115322117792055,307.25,0.07575757575757576
20,No runout,182.52651703703702,214.96597310074688,264.30521851851853,1.906122448979592,5.670364978602704,8.245226666666666,21.27512584185665,307.86,0.09090909090909091
21,Runout,185.55104804138952,214.78718293262926,258.0771266666667,4.269453333333333,8.100428942933956,12.377577777777775,7.418271973223251,308.46,0.10606060606060606
22,No runout,185.0907259259259,210.4270500780396,263.6329985185185,4.588204444444444,5.941352738947645,8.576125313283207,10.979795309385386,309.06,0.12121212121212122
23,No runout,185.18730370370372,215.30056556491488,259.0738977777778,,,,,309.66,0.13636363636363635
24,No runout,184.62271777777778,214.29249354534122,257.9088859259259,3.4067299107142857,7.659168558844514,11.724083333333333,5.776818464679258,310.26,0.15151515151515152
25,No runout,185.00450740740743,216.36491596098236,264.8257992592593,1.8106560846560849,4.757361434471681,7.448191536748329,22.84035044230889,310.86,0.16666666666666666
26,No runout,184.95395777777776,214.5067151298813,257.70620888888885,4.848215555555556,7.587303015189879,12.021659242761691,6.478078742725508,311.46,0.18181818181818182
27,Runout,184.2080525925926,215.51951932258063,263.16235555555556,2.43765,5.680120983573283,8.609227171492206,12.690653623711752,312.05,0.19696969696969696
28,Runout,185.30277259259256,214.72146907404726,258.4429777777778,3.6640133333333336,7.032360583068767,11.262562222222222,7.465317168835765,312.65,0.21212121212121213
29,Runout,184.62394148148147,214.91870215417077,261.7593859259259,2.5483143507972668,7.265019557885683,13.80816888888889,7.731808302127683,313.25,0.22727272727272727
30,No runout,187.8314335443038,191.43899894971545,195.990115942029,5.710002222222223,6.08714074302401,6.422473333333333,3.514619179258976,313.84,0.24242424242424243
32,No runout,197.24962162162169,230.7264214864865,264.5148518518518,2.4607613636363634,5.025349227710664,8.65538888888889,21.95879277595805,315.02,0.25757575757575757
33,Runout,185.1293074074074,214.07474184315717,256.6793962962963,4.606955555555556,8.220306658717702,12.54588888888889,4.267129531567762,315.62,0.2727272727272727
34,Runout,184.79058518518522,215.2472567046776,261.7310037037037,2.8042727272727275,6.775815267551589,10.485422222222224,9.605366673216896,316.21,0.2878787878787879
35,No runout,185.49215555555557,216.70501634493908,261.40805555555556,2.1172125,5.835819977602126,8.466633333333332,16.463982221362752,316.79,0.30303030303030304
36,Runout,185.4746962962963,216.22965193602693,263.3685703703704,1.774561797752809,5.153518207656893,9.906377777777776,20.398880727523615,317.38,0.3181818181818182
37,No runout,186.18858888888886,214.11625326711615,264.4696592592593,2.492833333333333,5.789399281557672,8.885822222222222,14.05844269832736,317.97,0.3333333333333333
38,No runout,185.56449259259261,214.74376864078963,258.39154814814816,3.294911111111111,7.6118636065890435,12.122877777777775,4.76737464901936,318.56,0.3484848484848485
39,No runout,186.23202962962964,215.97978422809828,262.5061,2.069767441860465,5.866971398198712,9.329766666666666,14.472924578144939,319.14,0.36363636363636365
40,No runout,185.93434444444446,216.18325517292635,261.41694074074076,2.3260410958904107,6.102377442991222,9.73442222222222,12.596417322293801,319.73,0.3787878787878788
41,No runout,185.77897407407406,217.58818333551196,268.3081296296296,1.7555444444444444,5.318804939890608,9.53651111111111,23.38899971610057,320.31,0.3939393939393939
42,No runout,186.29315555555556,217.55056811411006,268.58454074074075,1.0411470588235294,5.1380157884109385,7.742277777777777,19.751029074644823,320.89,0.4090909090909091
43,Runout,187.56420370370373,218.44840291505162,270.1893,1.7919882352941174,4.679807819850272,9.428688888888887,25.48663298137474,321.47,0.42424242424242425
44,No runout,188.93089629629628,218.69598939411836,267.34415185185185,1.2376626506024095,4.239760718960591,7.126924242424242,12.251759687143107,322.05,0.4393939393939394
45,No runout,188.74264444444444,218.73800626097858,267.5504148148148,0.5573373493975904,4.671313111772331,8.260944444444444,11.182974102610677,322.63,0.45454545454545453
46,No runout,188.8518185185185,218.73110000321196,266.8131148148148,0.297025,5.2920081939174235,10.74665,7.845141344967179,323.21,0.4696969696969697
47,Runout,189.18365185185186,218.73302885714284,267.80527037037035,0.712591836734694,4.484959690519212,8.229597701149425,12.172795884480127,323.79,0.48484848484848486
48,No runout,188.71125555555557,218.74414703771538,266.34217777777775,1.6994375,4.664256389424691,8.572036585365854,11.790066682212762,324.36,0.5
49,Runout,189.5735222222222,218.2850773159013,263.6742,2.161057142857143,4.972627431335781,8.12898888888889,10.21387748351174,324.94,0.5151515151515151
50,No runout,190.74208518518515,216.9795535798212,259.63272222222224,2.088170731707317,5.454821061026125,9.107078651685391,11.022801667965583,325.51,0.5303030303030303
51,Runout,190.41716296296295,217.90135202831038,262.5676481481482,1.1791587301587303,4.059127774062747,7.5898,16.861645049399595,326.08,0.5454545454545454
52,No runout,190.87358148148144,218.2804248765432,265.6345481481481,0.9882777777777778,3.809380462442706,6.7663,17.266533241090677,326.65,0.5606060606060606
53,No runout,190.4857777777778,217.92295268181817,263.7951962962963,0.7154918032786884,3.955996592176019,7.725544444444444,19.668242207119572,327.23,0.5757575757575758
54,Runout,190.17807407407406,218.28183569125244,263.5226888888889,1.2560675675675674,4.0213662459075294,7.844911111111111,20.722113865253103,327.79,0.5909090909090909
55,Runout,189.93126296296296,217.6234662500752,261.3808888888889,1.9916410256410255,4.4668873165288465,7.453233333333334,18.788909140411892,328.36,0.6060606060606061
56,No runout,189.89992222222222,217.79789305151567,261.8816703703704,1.4513725490196077,4.340757954163338,7.941355555555555,17.12592312032988,328.93,0.6212121212121212
57,Runout,189.6016481481482,217.79567416667686,261.3890925925926,1.341592105263158,4.618154098928505,7.460422222222222,17.016692596934238,329.5,0.6363636363636364
58,No runout,189.64370740740742,217.05418563667718,260.0797962962963,1.966625,5.351641121241902,8.170033333333333,9.333112404706105,330.07,0.6515151515151515
59,No runout,189.4420814814815,217.2152351590414,261.0301185185185,2.067022727272727,5.343579698174073,9.165155555555556,12.53905119516957,330.63,0.6666666666666666
60,Runout,189.08927777777782,217.45513569207284,261.0668666666667,2.3508023255813955,4.866178999864895,8.453155555555556,9.923454720855926,331.19,0.6818181818181818
61,No runout,189.57137037037037,217.70257120975785,261.9697555555556,1.8199220779220784,4.615927718410589,7.371888888888889,9.864706071940784,331.76,0.696969696969697
62,No runout,189.50905185185184,217.93129632472065,262.95122592592594,1.7022564102564104,4.508969530518302,7.242477777777777,12.774386039435718,332.32,0.7121212121212122
63,No runout,189.250662962963,218.02210047368422,263.2489074074074,1.2933417721518987,4.4631401846400225,7.131144444444445,15.426590174836603,332.88,0.7272727272727273
64,No runout,189.08538518518517,217.8431297090909,266.14344814814814,1.924575,4.285996507963264,6.672977777777778,17.533577481357902,333.44,0.7424242424242424
65,No runout,188.87266666666665,217.58763023939937,263.1403962962963,1.8277195121951215,4.5443247994073435,6.572444444444444,11.772201909267446,334.0,0.7575757575757576
66,No runout,189.12147037037036,216.51724065267214,264.1574111111111,1.8226811594202896,4.7724815334473485,6.9585,12.93480361999255,334.56,0.7727272727272727
67,No runout,188.77387037037033,217.48551926016262,266.2647333333333,1.7089166666666666,4.714375085613433,6.664011111111111,14.646356289444986,335.11,0.7878787878787878
70,No runout,188.2879888888889,216.99778095370368,262.4876962962963,1.7419870129870132,4.289847617602022,6.261922222222222,11.25020980673165,336.78,0.803030303030303
71,No runout,188.62350370370373,218.53477181122696,269.19342222222224,0.6438181818181817,3.836513613278533,5.937911111111111,17.21153643069822,337.33,0.8181818181818182
72,Runout,188.7434888888889,217.78716337497124,265.85580740740744,1.251952380952381,4.237969445648513,6.282677777777778,12.7438898826994,337.88,0.8333333333333334
73,No runout,188.11671481481483,216.85773899567099,263.23606296296293,1.6945094339622642,4.705075185601101,6.768633333333334,8.877916606459678,338.43,0.8484848484848485
74,No runout,187.98711481481484,216.4881746702016,261.63456296296295,2.393255813953488,5.204222139878539,7.650977777777777,8.08709631579341,338.98,0.8636363636363636
75,Runout,187.93501481481482,217.00137023855038,265.6256,1.0021714285714285,4.517183256695865,7.071777777777778,13.343148638555432,339.53,0.8787878787878788
76,No runout,188.09548148148147,215.28675875676305,262.08987777777776,0.372,4.015739146945693,6.762022471910113,15.508342865199694,340.08,0.8939393939393939
77,No runout,187.89192222222223,216.58312845441597,262.3594703703704,1.7187368421052631,4.339785519170387,6.2701777777777785,11.34600746516232,340.63,0.9090909090909091
78,Runout,186.99037037037036,216.01469825036952,261.41648148148147,1.35455223880597,4.709890122425503,7.042106666666667,16.370613677153518,341.17,0.9242424242424242
79,No runout,186.58446296296293,216.16977754643358,261.5281777777777,1.354608695652174,4.468014992072668,6.720704545454546,14.977523605675055,341.72,0.9393939393939394
80,Runout,186.6333925925926,215.73238167845116,259.83154444444443,1.927549295774648,4.855095875541269,7.119886363636363,10.20442820462306,342.26,0.9545454545454546
81,No runout,187.09847407407406,215.7989888904992,259.1949814814815,1.4904615384615385,4.968434847004721,8.45571111111111,12.71453467234181,342.8,0.9696969696969697
82,Runout,187.1366074074074,216.6438446506437,262.45822962962967,1.5647547169811322,4.155037488476775,5.965466666666667,15.093154685662702,343.35,0.9848484848484849
83,No runout,186.72665185185187,216.4539163995424,264.97054444444444,0.55190625,4.0851543617821635,7.340144578313253,15.744185571968885,343.89,1.0
